benchmark,sample_id,case_type,actual_label,predicted_label,method,level_pct,mask_area_px,target_area_px,control_area_px,control_n_draws,n_components,largest_component_area_frac,n_junction_seeds,n_corner_seeds,geometry_fraction,narrow_gap_fraction,thin_line_fraction,boundary_proximity_mean,junction_recall,junction_density_per_kpx,corner_recall,corner_density_per_kpx,local_density_mean,control_geometry_fraction_mean,control_geometry_fraction_std,control_geometry_fraction_min,control_geometry_fraction_max,control_narrow_gap_fraction_mean,control_narrow_gap_fraction_std,control_narrow_gap_fraction_min,control_narrow_gap_fraction_max,control_thin_line_fraction_mean,control_thin_line_fraction_std,control_thin_line_fraction_min,control_thin_line_fraction_max,control_boundary_proximity_mean_mean,control_boundary_proximity_mean_std,control_boundary_proximity_mean_min,control_boundary_proximity_mean_max,control_junction_recall_mean,control_junction_recall_std,control_junction_recall_min,control_junction_recall_max,control_junction_density_per_kpx_mean,control_junction_density_per_kpx_std,control_junction_density_per_kpx_min,control_junction_density_per_kpx_max,control_corner_recall_mean,control_corner_recall_std,control_corner_recall_min,control_corner_recall_max,control_corner_density_per_kpx_mean,control_corner_density_per_kpx_std,control_corner_density_per_kpx_min,control_corner_density_per_kpx_max,control_local_density_mean_mean,control_local_density_mean_std,control_local_density_mean_min,control_local_density_mean_max
iccad1,HS32,TP,HS,HS,gradcam,10,5018,5018,5120,30,7,0.0994,0,32,0.0943,0.2892,0.0727,5.375,0.0,0.0,0.149,12.356,0.3514,0.2522,0.0809,0.0873,0.4062,0.1669,0.0389,0.0869,0.248,0.0796,0.0208,0.0424,0.1295,8.899,2.6586,5.553,16.207,0.0,0.0,0.0,0.0,0.0,0.0,0.0,0.0,0.0843,0.048,0.0,0.1779,6.8489,3.9014,0.0,14.453,0.2529,0.0723,0.0856,0.4011
iccad1,HS32,TP,HS,HS,gradcam_plus,10,5018,5018,5120,30,7,0.0994,0,32,0.1353,0.1088,0.0819,8.43,0.0,0.0,0.125,10.363,0.2416,0.2522,0.0809,0.0873,0.4062,0.1669,0.0389,0.0869,0.248,0.0796,0.0208,0.0424,0.1295,8.899,2.6586,5.553,16.207,0.0,0.0,0.0,0.0,0.0,0.0,0.0,0.0,0.0843,0.048,0.0,0.1779,6.8489,3.9014,0.0,14.453,0.2529,0.0723,0.0856,0.4011
iccad1,HS32,TP,HS,HS,layercam,10,5018,5018,5120,30,7,0.0994,0,32,0.3749,0.3009,0.1405,4.059,0.0,0.0,0.2476,20.526,0.3768,0.2522,0.0809,0.0873,0.4062,0.1669,0.0389,0.0869,0.248,0.0796,0.0208,0.0424,0.1295,8.899,2.6586,5.553,16.207,0.0,0.0,0.0,0.0,0.0,0.0,0.0,0.0,0.0843,0.048,0.0,0.1779,6.8489,3.9014,0.0,14.453,0.2529,0.0723,0.0856,0.4011
iccad1,HS32,TP,HS,HS,occlusion,10,5018,5018,5120,30,7,0.0994,0,32,0.5496,0.2914,0.16,3.687,0.0,0.0,0.2644,21.921,0.4861,0.2522,0.0809,0.0873,0.4062,0.1669,0.0389,0.0869,0.248,0.0796,0.0208,0.0424,0.1295,8.899,2.6586,5.553,16.207,0.0,0.0,0.0,0.0,0.0,0.0,0.0,0.0,0.0843,0.048,0.0,0.1779,6.8489,3.9014,0.0,14.453,0.2529,0.0723,0.0856,0.4011
iccad1,HS32,TP,HS,HS,gradcam,20,10035,10035,10240,30,7,0.0994,0,32,0.1006,0.2602,0.0545,5.9,0.0,0.0,0.2163,8.969,0.3229,0.2386,0.0522,0.1478,0.4163,0.1638,0.0264,0.1221,0.2358,0.0785,0.0132,0.0527,0.1048,9.0631,1.7754,5.94,12.346,0.0,0.0,0.0,0.0,0.0,0.0,0.0,0.0,0.1793,0.0609,0.0601,0.2837,7.2819,2.4746,2.441,11.523,0.2403,0.0502,0.1388,0.4065
iccad1,HS32,TP,HS,HS,gradcam_plus,20,10035,10035,10240,30,7,0.0994,0,32,0.1075,0.1323,0.0586,8.136,0.0,0.0,0.1827,7.573,0.2328,0.2386,0.0522,0.1478,0.4163,0.1638,0.0264,0.1221,0.2358,0.0785,0.0132,0.0527,0.1048,9.0631,1.7754,5.94,12.346,0.0,0.0,0.0,0.0,0.0,0.0,0.0,0.0,0.1793,0.0609,0.0601,0.2837,7.2819,2.4746,2.441,11.523,0.2403,0.0502,0.1388,0.4065
iccad1,HS32,TP,HS,HS,layercam,20,10035,10035,10240,30,7,0.0994,0,32,0.3475,0.2687,0.1204,4.613,0.0,0.0,0.4111,17.04,0.3483,0.2386,0.0522,0.1478,0.4163,0.1638,0.0264,0.1221,0.2358,0.0785,0.0132,0.0527,0.1048,9.0631,1.7754,5.94,12.346,0.0,0.0,0.0,0.0,0.0,0.0,0.0,0.0,0.1793,0.0609,0.0601,0.2837,7.2819,2.4746,2.441,11.523,0.2403,0.0502,0.1388,0.4065
iccad1,HS32,TP,HS,HS,occlusion,20,10035,10035,10240,30,7,0.0994,0,32,0.4333,0.2341,0.1352,5.208,0.0,0.0,0.4087,16.941,0.3714,0.2386,0.0522,0.1478,0.4163,0.1638,0.0264,0.1221,0.2358,0.0785,0.0132,0.0527,0.1048,9.0631,1.7754,5.94,12.346,0.0,0.0,0.0,0.0,0.0,0.0,0.0,0.0,0.1793,0.0609,0.0601,0.2837,7.2819,2.4746,2.441,11.523,0.2403,0.0502,0.1388,0.4065
iccad1,HS32,TP,HS,HS,gradcam,30,15053,15053,15360,30,7,0.0994,0,32,0.1131,0.2557,0.0585,5.995,0.0,0.0,0.3389,9.367,0.304,0.2653,0.0404,0.1905,0.3763,0.1717,0.0187,0.1378,0.2106,0.0815,0.0097,0.0658,0.1039,8.5446,1.0918,6.566,11.748,0.0,0.0,0.0,0.0,0.0,0.0,0.0,0.0,0.2857,0.0988,0.0962,0.5024,7.7387,2.6762,2.604,13.607,0.2638,0.0359,0.1965,0.3598
iccad1,HS32,TP,HS,HS,gradcam_plus,30,15053,15053,15360,30,7,0.0994,0,32,0.1161,0.1491,0.0549,7.847,0.0,0.0,0.2981,8.238,0.2351,0.2653,0.0404,0.1905,0.3763,0.1717,0.0187,0.1378,0.2106,0.0815,0.0097,0.0658,0.1039,8.5446,1.0918,6.566,11.748,0.0,0.0,0.0,0.0,0.0,0.0,0.0,0.0,0.2857,0.0988,0.0962,0.5024,7.7387,2.6762,2.604,13.607,0.2638,0.0359,0.1965,0.3598
iccad1,HS32,TP,HS,HS,layercam,30,15053,15053,15360,30,7,0.0994,0,32,0.3273,0.2531,0.1127,4.995,0.0,0.0,0.5385,14.881,0.3304,0.2653,0.0404,0.1905,0.3763,0.1717,0.0187,0.1378,0.2106,0.0815,0.0097,0.0658,0.1039,8.5446,1.0918,6.566,11.748,0.0,0.0,0.0,0.0,0.0,0.0,0.0,0.0,0.2857,0.0988,0.0962,0.5024,7.7387,2.6762,2.604,13.607,0.2638,0.0359,0.1965,0.3598
iccad1,HS32,TP,HS,HS,occlusion,30,15053,15053,15360,30,7,0.0994,0,32,0.3644,0.2154,0.1095,5.859,0.0,0.0,0.5024,13.884,0.34,0.2653,0.0404,0.1905,0.3763,0.1717,0.0187,0.1378,0.2106,0.0815,0.0097,0.0658,0.1039,8.5446,1.0918,6.566,11.748,0.0,0.0,0.0,0.0,0.0,0.0,0.0,0.0,0.2857,0.0988,0.0962,0.5024,7.7387,2.6762,2.604,13.607,0.2638,0.0359,0.1965,0.3598
iccad1,HS123,TP,HS,HS,gradcam,10,5018,5018,5120,30,7,0.0994,5,36,0.0323,0.2838,0.0209,5.614,0.0,0.0,0.0919,8.569,0.3486,0.2637,0.0813,0.1,0.4428,0.1779,0.0474,0.0969,0.2627,0.0869,0.0259,0.0371,0.1396,9.5053,3.3329,4.531,17.682,0.3,0.4583,0.0,1.0,1.4649,2.2377,0.0,4.883,0.1405,0.0816,0.0,0.2799,12.8451,7.4602,0.0,25.586,0.2578,0.0661,0.1457,0.4003
iccad1,HS123,TP,HS,HS,gradcam_plus,10,5018,5018,5120,30,7,0.0994,5,36,0.0476,0.0939,0.0307,9.077,0.0,0.0,0.1474,13.75,0.1925,0.2637,0.0813,0.1,0.4428,0.1779,0.0474,0.0969,0.2627,0.0869,0.0259,0.0371,0.1396,9.5053,3.3329,4.531,17.682,0.3,0.4583,0.0,1.0,1.4649,2.2377,0.0,4.883,0.1405,0.0816,0.0,0.2799,12.8451,7.4602,0.0,25.586,0.2578,0.0661,0.1457,0.4003
iccad1,HS123,TP,HS,HS,layercam,10,5018,5018,5120,30,7,0.0994,5,36,0.391,0.3131,0.1457,3.753,0.52,2.591,0.1752,16.341,0.4065,0.2637,0.0813,0.1,0.4428,0.1779,0.0474,0.0969,0.2627,0.0869,0.0259,0.0371,0.1396,9.5053,3.3329,4.531,17.682,0.3,0.4583,0.0,1.0,1.4649,2.2377,0.0,4.883,0.1405,0.0816,0.0,0.2799,12.8451,7.4602,0.0,25.586,0.2578,0.0661,0.1457,0.4003
iccad1,HS123,TP,HS,HS,occlusion,10,5018,5018,5120,30,7,0.0994,5,36,0.4843,0.2838,0.1487,3.684,0.0,0.0,0.2009,18.733,0.4183,0.2637,0.0813,0.1,0.4428,0.1779,0.0474,0.0969,0.2627,0.0869,0.0259,0.0371,0.1396,9.5053,3.3329,4.531,17.682,0.3,0.4583,0.0,1.0,1.4649,2.2377,0.0,4.883,0.1405,0.0816,0.0,0.2799,12.8451,7.4602,0.0,25.586,0.2578,0.0661,0.1457,0.4003
iccad1,HS123,TP,HS,HS,gradcam,20,10035,10035,10240,30,7,0.0994,5,36,0.0668,0.2891,0.0436,5.694,0.0,0.0,0.1838,8.57,0.321,0.2385,0.0475,0.1349,0.3335,0.1643,0.0262,0.1166,0.2219,0.0793,0.0141,0.0475,0.113,9.6877,2.0542,6.133,14.578,0.1667,0.3727,0.0,1.0,0.4068,0.9097,0.0,2.441,0.2174,0.0674,0.094,0.3526,9.9349,3.0786,4.297,16.113,0.2367,0.0387,0.1537,0.309
iccad1,HS123,TP,HS,HS,gradcam_plus,20,10035,10035,10240,30,7,0.0994,5,36,0.0535,0.147,0.037,8.067,0.0,0.0,0.2158,10.065,0.2229,0.2385,0.0475,0.1349,0.3335,0.1643,0.0262,0.1166,0.2219,0.0793,0.0141,0.0475,0.113,9.6877,2.0542,6.133,14.578,0.1667,0.3727,0.0,1.0,0.4068,0.9097,0.0,2.441,0.2174,0.0674,0.094,0.3526,9.9349,3.0786,4.297,16.113,0.2367,0.0387,0.1537,0.309
iccad1,HS123,TP,HS,HS,layercam,20,10035,10035,10240,30,7,0.0994,5,36,0.3725,0.2827,0.1317,4.2,0.84,2.093,0.4359,20.329,0.3708,0.2385,0.0475,0.1349,0.3335,0.1643,0.0262,0.1166,0.2219,0.0793,0.0141,0.0475,0.113,9.6877,2.0542,6.133,14.578,0.1667,0.3727,0.0,1.0,0.4068,0.9097,0.0,2.441,0.2174,0.0674,0.094,0.3526,9.9349,3.0786,4.297,16.113,0.2367,0.0387,0.1537,0.309
iccad1,HS123,TP,HS,HS,occlusion,20,10035,10035,10240,30,7,0.0994,5,36,0.4189,0.2393,0.1221,4.885,0.0,0.0,0.3162,14.748,0.3824,0.2385,0.0475,0.1349,0.3335,0.1643,0.0262,0.1166,0.2219,0.0793,0.0141,0.0475,0.113,9.6877,2.0542,6.133,14.578,0.1667,0.3727,0.0,1.0,0.4068,0.9097,0.0,2.441,0.2174,0.0674,0.094,0.3526,9.9349,3.0786,4.297,16.113,0.2367,0.0387,0.1537,0.309
iccad1,HS123,TP,HS,HS,gradcam,30,15053,15053,15360,30,7,0.0994,5,36,0.1165,0.2922,0.0824,5.536,0.0,0.0,0.4124,12.821,0.3117,0.2643,0.0429,0.1816,0.3631,0.178,0.0261,0.1205,0.2425,0.0843,0.0113,0.063,0.1038,9.0683,1.7348,5.679,14.062,0.4,0.4899,0.0,1.0,0.6512,0.7976,0.0,1.628,0.3382,0.0954,0.1368,0.5299,10.306,2.9071,4.167,16.146,0.2646,0.035,0.1992,0.3374
iccad1,HS123,TP,HS,HS,gradcam_plus,30,15053,15053,15360,30,7,0.0994,5,36,0.0838,0.1527,0.0493,7.662,0.04,0.066,0.3718,11.559,0.2303,0.2643,0.0429,0.1816,0.3631,0.178,0.0261,0.1205,0.2425,0.0843,0.0113,0.063,0.1038,9.0683,1.7348,5.679,14.062,0.4,0.4899,0.0,1.0,0.6512,0.7976,0.0,1.628,0.3382,0.0954,0.1368,0.5299,10.306,2.9071,4.167,16.146,0.2646,0.035,0.1992,0.3374
iccad1,HS123,TP,HS,HS,layercam,30,15053,15053,15360,30,7,0.0994,5,36,0.3522,0.2636,0.1193,4.683,0.96,1.594,0.5769,17.937,0.3464,0.2643,0.0429,0.1816,0.3631,0.178,0.0261,0.1205,0.2425,0.0843,0.0113,0.063,0.1038,9.0683,1.7348,5.679,14.062,0.4,0.4899,0.0,1.0,0.6512,0.7976,0.0,1.628,0.3382,0.0954,0.1368,0.5299,10.306,2.9071,4.167,16.146,0.2646,0.035,0.1992,0.3374
iccad1,HS123,TP,HS,HS,occlusion,30,15053,15053,15360,30,7,0.0994,5,36,0.4009,0.254,0.1232,4.75,1.0,1.661,0.5085,15.811,0.3728,0.2643,0.0429,0.1816,0.3631,0.178,0.0261,0.1205,0.2425,0.0843,0.0113,0.063,0.1038,9.0683,1.7348,5.679,14.062,0.4,0.4899,0.0,1.0,0.6512,0.7976,0.0,1.628,0.3382,0.0954,0.1368,0.5299,10.306,2.9071,4.167,16.146,0.2646,0.035,0.1992,0.3374
iccad1,HS27,TP,HS,HS,gradcam,10,5018,5018,5120,30,6,0.0994,0,26,0.1708,0.3515,0.0986,5.676,0.0,0.0,0.1124,7.573,0.3291,0.2569,0.1064,0.0404,0.4662,0.1983,0.0471,0.107,0.2777,0.0743,0.026,0.024,0.1195,10.5778,4.0408,6.324,21.348,0.0,0.0,0.0,0.0,0.0,0.0,0.0,0.0,0.1085,0.0573,0.0,0.2574,7.1615,3.7814,0.0,16.992,0.2519,0.087,0.0806,0.4261
iccad1,HS27,TP,HS,HS,gradcam_plus,10,5018,5018,5120,30,6,0.0994,0,26,0.2001,0.1712,0.1006,7.238,0.0,0.0,0.1657,11.16,0.2907,0.2569,0.1064,0.0404,0.4662,0.1983,0.0471,0.107,0.2777,0.0743,0.026,0.024,0.1195,10.5778,4.0408,6.324,21.348,0.0,0.0,0.0,0.0,0.0,0.0,0.0,0.0,0.1085,0.0573,0.0,0.2574,7.1615,3.7814,0.0,16.992,0.2519,0.087,0.0806,0.4261
iccad1,HS27,TP,HS,HS,layercam,10,5018,5018,5120,30,6,0.0994,0,26,0.3414,0.328,0.1134,4.942,0.0,0.0,0.1657,11.16,0.3663,0.2569,0.1064,0.0404,0.4662,0.1983,0.0471,0.107,0.2777,0.0743,0.026,0.024,0.1195,10.5778,4.0408,6.324,21.348,0.0,0.0,0.0,0.0,0.0,0.0,0.0,0.0,0.1085,0.0573,0.0,0.2574,7.1615,3.7814,0.0,16.992,0.2519,0.087,0.0806,0.4261
iccad1,HS27,TP,HS,HS,occlusion,10,5018,5018,5120,30,6,0.0994,0,26,0.5068,0.3798,0.1744,3.213,0.0,0.0,0.3964,26.704,0.4303,0.2569,0.1064,0.0404,0.4662,0.1983,0.0471,0.107,0.2777,0.0743,0.026,0.024,0.1195,10.5778,4.0408,6.324,21.348,0.0,0.0,0.0,0.0,0.0,0.0,0.0,0.0,0.1085,0.0573,0.0,0.2574,7.1615,3.7814,0.0,16.992,0.2519,0.087,0.0806,0.4261
iccad1,HS27,TP,HS,HS,gradcam,20,10035,10035,10240,30,6,0.0994,0,26,0.1614,0.334,0.0629,5.467,0.0,0.0,0.2189,7.374,0.3289,0.2264,0.0554,0.131,0.3349,0.1832,0.0274,0.131,0.243,0.067,0.0128,0.0411,0.0995,11.2005,2.5713,7.216,16.516,0.0,0.0,0.0,0.0,0.0,0.0,0.0,0.0,0.191,0.0756,0.0385,0.3846,6.3053,2.494,1.27,12.695,0.2291,0.0536,0.1362,0.3187
iccad1,HS27,TP,HS,HS,gradcam_plus,20,10035,10035,10240,30,6,0.0994,0,26,0.1253,0.2356,0.0524,7.456,0.0,0.0,0.1893,6.378,0.2572,0.2264,0.0554,0.131,0.3349,0.1832,0.0274,0.131,0.243,0.067,0.0128,0.0411,0.0995,11.2005,2.5713,7.216,16.516,0.0,0.0,0.0,0.0,0.0,0.0,0.0,0.0,0.191,0.0756,0.0385,0.3846,6.3053,2.494,1.27,12.695,0.2291,0.0536,0.1362,0.3187
iccad1,HS27,TP,HS,HS,layercam,20,10035,10035,10240,30,6,0.0994,0,26,0.3115,0.2975,0.1001,5.4,0.0,0.0,0.2722,9.168,0.3311,0.2264,0.0554,0.131,0.3349,0.1832,0.0274,0.131,0.243,0.067,0.0128,0.0411,0.0995,11.2005,2.5713,7.216,16.516,0.0,0.0,0.0,0.0,0.0,0.0,0.0,0.0,0.191,0.0756,0.0385,0.3846,6.3053,2.494,1.27,12.695,0.2291,0.0536,0.1362,0.3187
iccad1,HS27,TP,HS,HS,occlusion,20,10035,10035,10240,30,6,0.0994,0,26,0.4251,0.2953,0.13,4.899,0.0,0.0,0.5178,17.439,0.3657,0.2264,0.0554,0.131,0.3349,0.1832,0.0274,0.131,0.243,0.067,0.0128,0.0411,0.0995,11.2005,2.5713,7.216,16.516,0.0,0.0,0.0,0.0,0.0,0.0,0.0,0.0,0.191,0.0756,0.0385,0.3846,6.3053,2.494,1.27,12.695,0.2291,0.0536,0.1362,0.3187
iccad1,HS27,TP,HS,HS,gradcam,30,15053,15053,15360,30,6,0.0994,0,26,0.1496,0.2919,0.064,6.188,0.0,0.0,0.3876,8.703,0.2944,0.2265,0.0471,0.1321,0.3215,0.182,0.0238,0.1389,0.2463,0.0685,0.0093,0.0469,0.0912,11.0511,1.6741,6.938,14.407,0.0,0.0,0.0,0.0,0.0,0.0,0.0,0.0,0.29,0.1169,0.074,0.4734,6.3824,2.5735,1.628,10.417,0.2254,0.0468,0.1345,0.3302
iccad1,HS27,TP,HS,HS,gradcam_plus,30,15053,15053,15360,30,6,0.0994,0,26,0.1007,0.2224,0.0439,7.641,0.0,0.0,0.4172,9.367,0.2333,0.2265,0.0471,0.1321,0.3215,0.182,0.0238,0.1389,0.2463,0.0685,0.0093,0.0469,0.0912,11.0511,1.6741,6.938,14.407,0.0,0.0,0.0,0.0,0.0,0.0,0.0,0.0,0.29,0.1169,0.074,0.4734,6.3824,2.5735,1.628,10.417,0.2254,0.0468,0.1345,0.3302
iccad1,HS27,TP,HS,HS,layercam,30,15053,15053,15360,30,6,0.0994,0,26,0.2993,0.2828,0.0957,5.713,0.0,0.0,0.3698,8.304,0.3137,0.2265,0.0471,0.1321,0.3215,0.182,0.0238,0.1389,0.2463,0.0685,0.0093,0.0469,0.0912,11.0511,1.6741,6.938,14.407,0.0,0.0,0.0,0.0,0.0,0.0,0.0,0.0,0.29,0.1169,0.074,0.4734,6.3824,2.5735,1.628,10.417,0.2254,0.0468,0.1345,0.3302
iccad1,HS27,TP,HS,HS,occlusion,30,15053,15053,15360,30,6,0.0994,0,26,0.3491,0.2669,0.1071,6.065,0.0,0.0,0.5858,13.154,0.3255,0.2265,0.0471,0.1321,0.3215,0.182,0.0238,0.1389,0.2463,0.0685,0.0093,0.0469,0.0912,11.0511,1.6741,6.938,14.407,0.0,0.0,0.0,0.0,0.0,0.0,0.0,0.0,0.29,0.1169,0.074,0.4734,6.3824,2.5735,1.628,10.417,0.2254,0.0468,0.1345,0.3302
iccad1,NNHS310_1,TN,NHS,NHS,gradcam,10,5018,5018,5120,30,7,0.0957,0,28,0.0002,0.0112,0.0002,19.912,0.0,0.0,0.0165,1.196,0.0238,0.2143,0.0817,0.0437,0.3781,0.1868,0.0552,0.0627,0.2859,0.073,0.0273,0.0211,0.1305,13.152,5.4155,5.731,25.064,0.0,0.0,0.0,0.0,0.0,0.0,0.0,0.0,0.0855,0.0549,0.0,0.2088,6.0807,3.9032,0.0,14.844,0.2154,0.072,0.058,0.3578
iccad1,NNHS310_1,TN,NHS,NHS,gradcam_plus,10,5018,5018,5120,30,7,0.0957,0,28,0.1132,0.2375,0.0506,7.862,0.0,0.0,0.1319,9.566,0.2097,0.2143,0.0817,0.0437,0.3781,0.1868,0.0552,0.0627,0.2859,0.073,0.0273,0.0211,0.1305,13.152,5.4155,5.731,25.064,0.0,0.0,0.0,0.0,0.0,0.0,0.0,0.0,0.0855,0.0549,0.0,0.2088,6.0807,3.9032,0.0,14.844,0.2154,0.072,0.058,0.3578
iccad1,NNHS310_1,TN,NHS,NHS,layercam,10,5018,5018,5120,30,7,0.0957,0,28,0.337,0.3304,0.103,4.923,0.0,0.0,0.1071,7.772,0.3483,0.2143,0.0817,0.0437,0.3781,0.1868,0.0552,0.0627,0.2859,0.073,0.0273,0.0211,0.1305,13.152,5.4155,5.731,25.064,0.0,0.0,0.0,0.0,0.0,0.0,0.0,0.0,0.0855,0.0549,0.0,0.2088,6.0807,3.9032,0.0,14.844,0.2154,0.072,0.058,0.3578
iccad1,NNHS310_1,TN,NHS,NHS,occlusion,10,5018,5018,5120,30,7,0.0957,0,28,0.7126,0.214,0.121,4.585,0.0,0.0,0.033,2.391,0.552,0.2143,0.0817,0.0437,0.3781,0.1868,0.0552,0.0627,0.2859,0.073,0.0273,0.0211,0.1305,13.152,5.4155,5.731,25.064,0.0,0.0,0.0,0.0,0.0,0.0,0.0,0.0,0.0855,0.0549,0.0,0.2088,6.0807,3.9032,0.0,14.844,0.2154,0.072,0.058,0.3578
iccad1,NNHS310_1,TN,NHS,NHS,gradcam,20,10035,10035,10240,30,7,0.0957,0,28,0.0269,0.0094,0.0069,22.441,0.0,0.0,0.0385,1.395,0.0311,0.2149,0.0701,0.0937,0.358,0.1736,0.0387,0.1036,0.2505,0.0658,0.0201,0.0348,0.11,13.1469,3.4191,5.849,21.609,0.0,0.0,0.0,0.0,0.0,0.0,0.0,0.0,0.1973,0.0879,0.0055,0.3544,7.015,3.1252,0.195,12.598,0.2141,0.0597,0.1132,0.3386
iccad1,NNHS310_1,TN,NHS,NHS,gradcam_plus,20,10035,10035,10240,30,7,0.0957,0,28,0.1145,0.2325,0.0535,7.455,0.0,0.0,0.3956,14.35,0.2176,0.2149,0.0701,0.0937,0.358,0.1736,0.0387,0.1036,0.2505,0.0658,0.0201,0.0348,0.11,13.1469,3.4191,5.849,21.609,0.0,0.0,0.0,0.0,0.0,0.0,0.0,0.0,0.1973,0.0879,0.0055,0.3544,7.015,3.1252,0.195,12.598,0.2141,0.0597,0.1132,0.3386
iccad1,NNHS310_1,TN,NHS,NHS,layercam,20,10035,10035,10240,30,7,0.0957,0,28,0.3357,0.2979,0.1071,5.258,0.0,0.0,0.3297,11.958,0.3289,0.2149,0.0701,0.0937,0.358,0.1736,0.0387,0.1036,0.2505,0.0658,0.0201,0.0348,0.11,13.1469,3.4191,5.849,21.609,0.0,0.0,0.0,0.0,0.0,0.0,0.0,0.0,0.1973,0.0879,0.0055,0.3544,7.015,3.1252,0.195,12.598,0.2141,0.0597,0.1132,0.3386
iccad1,NNHS310_1,TN,NHS,NHS,occlusion,20,10035,10035,10240,30,7,0.0957,0,28,0.5897,0.2536,0.128,4.556,0.0,0.0,0.0989,3.587,0.487,0.2149,0.0701,0.0937,0.358,0.1736,0.0387,0.1036,0.2505,0.0658,0.0201,0.0348,0.11,13.1469,3.4191,5.849,21.609,0.0,0.0,0.0,0.0,0.0,0.0,0.0,0.0,0.1973,0.0879,0.0055,0.3544,7.015,3.1252,0.195,12.598,0.2141,0.0597,0.1132,0.3386
iccad1,NNHS310_1,TN,NHS,NHS,gradcam,30,15053,15053,15360,30,7,0.0957,0,28,0.0496,0.0214,0.0143,21.483,0.0,0.0,0.0824,1.993,0.0483,0.2222,0.0402,0.1554,0.3007,0.1894,0.027,0.138,0.2445,0.0727,0.0125,0.0521,0.104,12.0017,2.5076,8.274,16.334,0.0,0.0,0.0,0.0,0.0,0.0,0.0,0.0,0.2991,0.1263,0.0714,0.6016,7.0877,2.9933,1.693,14.258,0.2207,0.0331,0.1558,0.281
iccad1,NNHS310_1,TN,NHS,NHS,gradcam_plus,30,15053,15053,15360,30,7,0.0957,0,28,0.1369,0.2617,0.0593,7.017,0.0,0.0,0.6319,15.279,0.2291,0.2222,0.0402,0.1554,0.3007,0.1894,0.027,0.138,0.2445,0.0727,0.0125,0.0521,0.104,12.0017,2.5076,8.274,16.334,0.0,0.0,0.0,0.0,0.0,0.0,0.0,0.0,0.2991,0.1263,0.0714,0.6016,7.0877,2.9933,1.693,14.258,0.2207,0.0331,0.1558,0.281
iccad1,NNHS310_1,TN,NHS,NHS,layercam,30,15053,15053,15360,30,7,0.0957,0,28,0.3262,0.2825,0.1066,5.572,0.0,0.0,0.5742,13.884,0.3177,0.2222,0.0402,0.1554,0.3007,0.1894,0.027,0.138,0.2445,0.0727,0.0125,0.0521,0.104,12.0017,2.5076,8.274,16.334,0.0,0.0,0.0,0.0,0.0,0.0,0.0,0.0,0.2991,0.1263,0.0714,0.6016,7.0877,2.9933,1.693,14.258,0.2207,0.0331,0.1558,0.281
iccad1,NNHS310_1,TN,NHS,NHS,occlusion,30,15053,15053,15360,30,7,0.0957,0,28,0.4335,0.2281,0.1004,5.808,0.0,0.0,0.1896,4.584,0.3989,0.2222,0.0402,0.1554,0.3007,0.1894,0.027,0.138,0.2445,0.0727,0.0125,0.0521,0.104,12.0017,2.5076,8.274,16.334,0.0,0.0,0.0,0.0,0.0,0.0,0.0,0.0,0.2991,0.1263,0.0714,0.6016,7.0877,2.9933,1.693,14.258,0.2207,0.0331,0.1558,0.281
iccad1,NNHS304_1,TN,NHS,NHS,gradcam,10,5018,5018,5120,30,7,0.0957,0,24,0.0,0.0058,0.0,26.478,0.0,0.0,0.0064,0.399,0.0108,0.2241,0.0672,0.0906,0.375,0.1601,0.0462,0.0766,0.2527,0.0738,0.0188,0.0342,0.1059,12.2374,4.4229,5.438,21.36,0.0,0.0,0.0,0.0,0.0,0.0,0.0,0.0,0.1041,0.0798,0.0,0.2917,6.341,4.8636,0.0,17.773,0.2291,0.0635,0.0997,0.3677
iccad1,NNHS304_1,TN,NHS,NHS,gradcam_plus,10,5018,5018,5120,30,7,0.0957,0,24,0.0271,0.1664,0.0203,8.272,0.0,0.0,0.2308,14.348,0.1869,0.2241,0.0672,0.0906,0.375,0.1601,0.0462,0.0766,0.2527,0.0738,0.0188,0.0342,0.1059,12.2374,4.4229,5.438,21.36,0.0,0.0,0.0,0.0,0.0,0.0,0.0,0.0,0.1041,0.0798,0.0,0.2917,6.341,4.8636,0.0,17.773,0.2291,0.0635,0.0997,0.3677
iccad1,NNHS304_1,TN,NHS,NHS,layercam,10,5018,5018,5120,30,7,0.0957,0,24,0.3228,0.274,0.1026,4.9,0.0,0.0,0.0962,5.978,0.3493,0.2241,0.0672,0.0906,0.375,0.1601,0.0462,0.0766,0.2527,0.0738,0.0188,0.0342,0.1059,12.2374,4.4229,5.438,21.36,0.0,0.0,0.0,0.0,0.0,0.0,0.0,0.0,0.1041,0.0798,0.0,0.2917,6.341,4.8636,0.0,17.773,0.2291,0.0635,0.0997,0.3677
iccad1,NNHS304_1,TN,NHS,NHS,occlusion,10,5018,5018,5120,30,7,0.0957,0,24,0.6903,0.2132,0.1515,3.958,0.0,0.0,0.1218,7.573,0.5105,0.2241,0.0672,0.0906,0.375,0.1601,0.0462,0.0766,0.2527,0.0738,0.0188,0.0342,0.1059,12.2374,4.4229,5.438,21.36,0.0,0.0,0.0,0.0,0.0,0.0,0.0,0.0,0.1041,0.0798,0.0,0.2917,6.341,4.8636,0.0,17.773,0.2291,0.0635,0.0997,0.3677
iccad1,NNHS304_1,TN,NHS,NHS,gradcam,20,10035,10035,10240,30,7,0.0957,0,24,0.0019,0.0088,0.0017,26.783,0.0,0.0,0.0705,2.192,0.0177,0.2475,0.0511,0.1594,0.341,0.1703,0.0355,0.085,0.2369,0.0812,0.017,0.0398,0.1313,11.5071,3.4905,5.499,18.901,0.0,0.0,0.0,0.0,0.0,0.0,0.0,0.0,0.2002,0.1212,0.0,0.5032,6.1004,3.6932,0.0,15.332,0.2435,0.0467,0.1597,0.3359
iccad1,NNHS304_1,TN,NHS,NHS,gradcam_plus,20,10035,10035,10240,30,7,0.0957,0,24,0.044,0.1762,0.026,8.064,0.0,0.0,0.4968,15.446,0.1894,0.2475,0.0511,0.1594,0.341,0.1703,0.0355,0.085,0.2369,0.0812,0.017,0.0398,0.1313,11.5071,3.4905,5.499,18.901,0.0,0.0,0.0,0.0,0.0,0.0,0.0,0.0,0.2002,0.1212,0.0,0.5032,6.1004,3.6932,0.0,15.332,0.2435,0.0467,0.1597,0.3359
iccad1,NNHS304_1,TN,NHS,NHS,layercam,20,10035,10035,10240,30,7,0.0957,0,24,0.3312,0.2502,0.1093,5.169,0.0,0.0,0.4199,13.054,0.3251,0.2475,0.0511,0.1594,0.341,0.1703,0.0355,0.085,0.2369,0.0812,0.017,0.0398,0.1313,11.5071,3.4905,5.499,18.901,0.0,0.0,0.0,0.0,0.0,0.0,0.0,0.0,0.2002,0.1212,0.0,0.5032,6.1004,3.6932,0.0,15.332,0.2435,0.0467,0.1597,0.3359
iccad1,NNHS304_1,TN,NHS,NHS,occlusion,20,10035,10035,10240,30,7,0.0957,0,24,0.588,0.2378,0.1447,4.03,0.0,0.0,0.2372,7.374,0.4733,0.2475,0.0511,0.1594,0.341,0.1703,0.0355,0.085,0.2369,0.0812,0.017,0.0398,0.1313,11.5071,3.4905,5.499,18.901,0.0,0.0,0.0,0.0,0.0,0.0,0.0,0.0,0.2002,0.1212,0.0,0.5032,6.1004,3.6932,0.0,15.332,0.2435,0.0467,0.1597,0.3359
iccad1,NNHS304_1,TN,NHS,NHS,gradcam,30,15053,15053,15360,30,7,0.0957,0,24,0.0053,0.0086,0.0026,25.465,0.0,0.0,0.1026,2.126,0.0348,0.2434,0.0303,0.1775,0.2987,0.1653,0.0265,0.1232,0.2255,0.0785,0.0122,0.059,0.1051,12.3128,2.6841,7.407,17.319,0.0,0.0,0.0,0.0,0.0,0.0,0.0,0.0,0.3003,0.1252,0.0865,0.5833,6.1003,2.5424,1.758,11.849,0.239,0.0298,0.1701,0.2895
iccad1,NNHS304_1,TN,NHS,NHS,gradcam_plus,30,15053,15053,15360,30,7,0.0957,0,24,0.1133,0.2185,0.0555,7.019,0.0,0.0,0.7949,16.475,0.2096,0.2434,0.0303,0.1775,0.2987,0.1653,0.0265,0.1232,0.2255,0.0785,0.0122,0.059,0.1051,12.3128,2.6841,7.407,17.319,0.0,0.0,0.0,0.0,0.0,0.0,0.0,0.0,0.3003,0.1252,0.0865,0.5833,6.1003,2.5424,1.758,11.849,0.239,0.0298,0.1701,0.2895
iccad1,NNHS304_1,TN,NHS,NHS,layercam,30,15053,15053,15360,30,7,0.0957,0,24,0.3288,0.2332,0.1109,5.506,0.0,0.0,0.6699,13.884,0.3184,0.2434,0.0303,0.1775,0.2987,0.1653,0.0265,0.1232,0.2255,0.0785,0.0122,0.059,0.1051,12.3128,2.6841,7.407,17.319,0.0,0.0,0.0,0.0,0.0,0.0,0.0,0.0,0.3003,0.1252,0.0865,0.5833,6.1003,2.5424,1.758,11.849,0.239,0.0298,0.1701,0.2895
iccad1,NNHS304_1,TN,NHS,NHS,occlusion,30,15053,15053,15360,30,7,0.0957,0,24,0.4993,0.2255,0.1265,4.606,0.0,0.0,0.2532,5.248,0.429,0.2434,0.0303,0.1775,0.2987,0.1653,0.0265,0.1232,0.2255,0.0785,0.0122,0.059,0.1051,12.3128,2.6841,7.407,17.319,0.0,0.0,0.0,0.0,0.0,0.0,0.0,0.0,0.3003,0.1252,0.0865,0.5833,6.1003,2.5424,1.758,11.849,0.239,0.0298,0.1701,0.2895
iccad1,NHS453,TN,NHS,NHS,gradcam,10,5018,5018,5120,30,7,0.0957,0,28,0.0012,0.0042,0.0004,15.622,0.0,0.0,0.0027,0.199,0.0376,0.3154,0.0753,0.1809,0.5062,0.1732,0.0455,0.0857,0.2625,0.1097,0.0264,0.0531,0.1688,6.4934,1.7768,3.419,11.135,0.0,0.0,0.0,0.0,0.0,0.0,0.0,0.0,0.0883,0.0636,0.0,0.2143,6.276,4.5178,0.0,15.234,0.3164,0.0623,0.2026,0.4588
iccad1,NHS453,TN,NHS,NHS,gradcam_plus,10,5018,5018,5120,30,7,0.0957,0,28,0.0074,0.0175,0.007,10.471,0.0,0.0,0.0742,5.381,0.1263,0.3154,0.0753,0.1809,0.5062,0.1732,0.0455,0.0857,0.2625,0.1097,0.0264,0.0531,0.1688,6.4934,1.7768,3.419,11.135,0.0,0.0,0.0,0.0,0.0,0.0,0.0,0.0,0.0883,0.0636,0.0,0.2143,6.276,4.5178,0.0,15.234,0.3164,0.0623,0.2026,0.4588
iccad1,NHS453,TN,NHS,NHS,layercam,10,5018,5018,5120,30,7,0.0957,0,28,0.3641,0.2409,0.1291,3.812,0.0,0.0,0.1016,7.373,0.3954,0.3154,0.0753,0.1809,0.5062,0.1732,0.0455,0.0857,0.2625,0.1097,0.0264,0.0531,0.1688,6.4934,1.7768,3.419,11.135,0.0,0.0,0.0,0.0,0.0,0.0,0.0,0.0,0.0883,0.0636,0.0,0.2143,6.276,4.5178,0.0,15.234,0.3164,0.0623,0.2026,0.4588
iccad1,NHS453,TN,NHS,NHS,occlusion,10,5018,5018,5120,30,7,0.0957,0,28,0.6839,0.2041,0.1654,3.619,0.0,0.0,0.1484,10.761,0.5573,0.3154,0.0753,0.1809,0.5062,0.1732,0.0455,0.0857,0.2625,0.1097,0.0264,0.0531,0.1688,6.4934,1.7768,3.419,11.135,0.0,0.0,0.0,0.0,0.0,0.0,0.0,0.0,0.0883,0.0636,0.0,0.2143,6.276,4.5178,0.0,15.234,0.3164,0.0623,0.2026,0.4588
iccad1,NHS453,TN,NHS,NHS,gradcam,20,10035,10035,10240,30,7,0.0957,0,28,0.2156,0.1377,0.0839,10.085,0.0,0.0,0.1923,6.976,0.1466,0.3088,0.0595,0.193,0.417,0.1757,0.0263,0.1191,0.2164,0.113,0.0169,0.0774,0.1436,6.5663,1.1184,4.367,9.21,0.0,0.0,0.0,0.0,0.0,0.0,0.0,0.0,0.171,0.0941,0.0,0.5,6.0775,3.3453,0.0,17.773,0.3088,0.0467,0.2096,0.4037
iccad1,NHS453,TN,NHS,NHS,gradcam_plus,20,10035,10035,10240,30,7,0.0957,0,28,0.0738,0.0573,0.0471,9.044,0.0,0.0,0.3407,12.357,0.1595,0.3088,0.0595,0.193,0.417,0.1757,0.0263,0.1191,0.2164,0.113,0.0169,0.0774,0.1436,6.5663,1.1184,4.367,9.21,0.0,0.0,0.0,0.0,0.0,0.0,0.0,0.0,0.171,0.0941,0.0,0.5,6.0775,3.3453,0.0,17.773,0.3088,0.0467,0.2096,0.4037
iccad1,NHS453,TN,NHS,NHS,layercam,20,10035,10035,10240,30,7,0.0957,0,28,0.356,0.2242,0.1362,4.241,0.0,0.0,0.3489,12.656,0.37,0.3088,0.0595,0.193,0.417,0.1757,0.0263,0.1191,0.2164,0.113,0.0169,0.0774,0.1436,6.5663,1.1184,4.367,9.21,0.0,0.0,0.0,0.0,0.0,0.0,0.0,0.0,0.171,0.0941,0.0,0.5,6.0775,3.3453,0.0,17.773,0.3088,0.0467,0.2096,0.4037
iccad1,NHS453,TN,NHS,NHS,occlusion,20,10035,10035,10240,30,7,0.0957,0,28,0.5139,0.22,0.1511,3.8,0.0,0.0,0.1923,6.976,0.4792,0.3088,0.0595,0.193,0.417,0.1757,0.0263,0.1191,0.2164,0.113,0.0169,0.0774,0.1436,6.5663,1.1184,4.367,9.21,0.0,0.0,0.0,0.0,0.0,0.0,0.0,0.0,0.171,0.0941,0.0,0.5,6.0775,3.3453,0.0,17.773,0.3088,0.0467,0.2096,0.4037
iccad1,NHS453,TN,NHS,NHS,gradcam,30,15053,15053,15360,30,7,0.0957,0,28,0.2107,0.1512,0.097,8.774,0.0,0.0,0.2857,6.909,0.205,0.3124,0.0373,0.2535,0.3745,0.1661,0.0167,0.1289,0.1932,0.1063,0.0116,0.0848,0.1314,6.6698,0.6755,5.46,8.071,0.0,0.0,0.0,0.0,0.0,0.0,0.0,0.0,0.2843,0.1067,0.0824,0.5,6.7383,2.5285,1.953,11.849,0.3152,0.0301,0.2664,0.3846
iccad1,NHS453,TN,NHS,NHS,gradcam_plus,30,15053,15053,15360,30,7,0.0957,0,28,0.0943,0.096,0.0417,8.128,0.0,0.0,0.5852,14.15,0.1913,0.3124,0.0373,0.2535,0.3745,0.1661,0.0167,0.1289,0.1932,0.1063,0.0116,0.0848,0.1314,6.6698,0.6755,5.46,8.071,0.0,0.0,0.0,0.0,0.0,0.0,0.0,0.0,0.2843,0.1067,0.0824,0.5,6.7383,2.5285,1.953,11.849,0.3152,0.0301,0.2664,0.3846
iccad1,NHS453,TN,NHS,NHS,layercam,30,15053,15053,15360,30,7,0.0957,0,28,0.3476,0.2131,0.1332,4.528,0.0,0.0,0.5192,12.556,0.3554,0.3124,0.0373,0.2535,0.3745,0.1661,0.0167,0.1289,0.1932,0.1063,0.0116,0.0848,0.1314,6.6698,0.6755,5.46,8.071,0.0,0.0,0.0,0.0,0.0,0.0,0.0,0.0,0.2843,0.1067,0.0824,0.5,6.7383,2.5285,1.953,11.849,0.3152,0.0301,0.2664,0.3846
iccad1,NHS453,TN,NHS,NHS,occlusion,30,15053,15053,15360,30,7,0.0957,0,28,0.4983,0.2158,0.1514,3.825,0.0,0.0,0.2527,6.112,0.467,0.3124,0.0373,0.2535,0.3745,0.1661,0.0167,0.1289,0.1932,0.1063,0.0116,0.0848,0.1314,6.6698,0.6755,5.46,8.071,0.0,0.0,0.0,0.0,0.0,0.0,0.0,0.0,0.2843,0.1067,0.0824,0.5,6.7383,2.5285,1.953,11.849,0.3152,0.0301,0.2664,0.3846
iccad1,NHS120_9,FP,NHS,HS,gradcam,10,5018,5018,5120,30,8,0.0994,0,32,0.1425,0.4071,0.1319,2.511,0.0,0.0,0.0793,6.576,0.5075,0.2767,0.0846,0.0936,0.4375,0.1342,0.0388,0.0527,0.2074,0.0886,0.0266,0.0279,0.1437,9.9266,2.9484,5.261,16.36,0.0,0.0,0.0,0.0,0.0,0.0,0.0,0.0,0.0739,0.0779,0.0,0.2716,6.0025,6.3255,0.0,22.07,0.2717,0.0746,0.1108,0.3953
iccad1,NHS120_9,FP,NHS,HS,gradcam_plus,10,5018,5018,5120,30,8,0.0994,0,32,0.0472,0.1343,0.0359,8.489,0.0,0.0,0.1418,11.758,0.2039,0.2767,0.0846,0.0936,0.4375,0.1342,0.0388,0.0527,0.2074,0.0886,0.0266,0.0279,0.1437,9.9266,2.9484,5.261,16.36,0.0,0.0,0.0,0.0,0.0,0.0,0.0,0.0,0.0739,0.0779,0.0,0.2716,6.0025,6.3255,0.0,22.07,0.2717,0.0746,0.1108,0.3953
iccad1,NHS120_9,FP,NHS,HS,layercam,10,5018,5018,5120,30,8,0.0994,0,32,0.4157,0.2784,0.1586,2.896,0.0,0.0,0.1034,8.569,0.443,0.2767,0.0846,0.0936,0.4375,0.1342,0.0388,0.0527,0.2074,0.0886,0.0266,0.0279,0.1437,9.9266,2.9484,5.261,16.36,0.0,0.0,0.0,0.0,0.0,0.0,0.0,0.0,0.0739,0.0779,0.0,0.2716,6.0025,6.3255,0.0,22.07,0.2717,0.0746,0.1108,0.3953
iccad1,NHS120_9,FP,NHS,HS,occlusion,10,5018,5018,5120,30,8,0.0994,0,32,0.5482,0.277,0.1963,2.35,0.0,0.0,0.1202,9.964,0.4849,0.2767,0.0846,0.0936,0.4375,0.1342,0.0388,0.0527,0.2074,0.0886,0.0266,0.0279,0.1437,9.9266,2.9484,5.261,16.36,0.0,0.0,0.0,0.0,0.0,0.0,0.0,0.0,0.0739,0.0779,0.0,0.2716,6.0025,6.3255,0.0,22.07,0.2717,0.0746,0.1108,0.3953
iccad1,NHS120_9,FP,NHS,HS,gradcam,20,10035,10035,10240,30,8,0.0994,0,32,0.1813,0.34,0.1156,2.962,0.0,0.0,0.2091,8.67,0.4655,0.2815,0.0566,0.1817,0.3886,0.1509,0.0289,0.1028,0.2315,0.0972,0.0208,0.0604,0.1496,8.5993,1.8048,4.825,11.387,0.0,0.0,0.0,0.0,0.0,0.0,0.0,0.0,0.2009,0.103,0.0529,0.5,8.1608,4.1865,2.148,20.312,0.2824,0.0517,0.1818,0.3784
iccad1,NHS120_9,FP,NHS,HS,gradcam_plus,20,10035,10035,10240,30,8,0.0994,0,32,0.1217,0.149,0.0646,7.491,0.0,0.0,0.3365,13.951,0.2363,0.2815,0.0566,0.1817,0.3886,0.1509,0.0289,0.1028,0.2315,0.0972,0.0208,0.0604,0.1496,8.5993,1.8048,4.825,11.387,0.0,0.0,0.0,0.0,0.0,0.0,0.0,0.0,0.2009,0.103,0.0529,0.5,8.1608,4.1865,2.148,20.312,0.2824,0.0517,0.1818,0.3784
iccad1,NHS120_9,FP,NHS,HS,layercam,20,10035,10035,10240,30,8,0.0994,0,32,0.3927,0.2582,0.1506,3.578,0.0,0.0,0.1971,8.171,0.4156,0.2815,0.0566,0.1817,0.3886,0.1509,0.0289,0.1028,0.2315,0.0972,0.0208,0.0604,0.1496,8.5993,1.8048,4.825,11.387,0.0,0.0,0.0,0.0,0.0,0.0,0.0,0.0,0.2009,0.103,0.0529,0.5,8.1608,4.1865,2.148,20.312,0.2824,0.0517,0.1818,0.3784
iccad1,NHS120_9,FP,NHS,HS,occlusion,20,10035,10035,10240,30,8,0.0994,0,32,0.5134,0.2384,0.1666,3.58,0.0,0.0,0.125,5.182,0.4522,0.2815,0.0566,0.1817,0.3886,0.1509,0.0289,0.1028,0.2315,0.0972,0.0208,0.0604,0.1496,8.5993,1.8048,4.825,11.387,0.0,0.0,0.0,0.0,0.0,0.0,0.0,0.0,0.2009,0.103,0.0529,0.5,8.1608,4.1865,2.148,20.312,0.2824,0.0517,0.1818,0.3784
iccad1,NHS120_9,FP,NHS,HS,gradcam,30,15053,15053,15360,30,8,0.0994,0,32,0.2403,0.311,0.1427,3.216,0.0,0.0,0.3413,9.433,0.4382,0.2863,0.0455,0.1917,0.3936,0.1561,0.0247,0.102,0.2077,0.099,0.0157,0.0661,0.1371,8.732,1.6756,6.034,12.53,0.0,0.0,0.0,0.0,0.0,0.0,0.0,0.0,0.3016,0.0822,0.125,0.4712,8.1683,2.2272,3.385,12.76,0.2894,0.0459,0.1767,0.382
iccad1,NHS120_9,FP,NHS,HS,gradcam_plus,30,15053,15053,15360,30,8,0.0994,0,32,0.1726,0.1477,0.0921,7.507,0.0,0.0,0.5072,14.017,0.2444,0.2863,0.0455,0.1917,0.3936,0.1561,0.0247,0.102,0.2077,0.099,0.0157,0.0661,0.1371,8.732,1.6756,6.034,12.53,0.0,0.0,0.0,0.0,0.0,0.0,0.0,0.0,0.3016,0.0822,0.125,0.4712,8.1683,2.2272,3.385,12.76,0.2894,0.0459,0.1767,0.382
iccad1,NHS120_9,FP,NHS,HS,layercam,30,15053,15053,15360,30,8,0.0994,0,32,0.3789,0.2382,0.1426,4.091,0.0,0.0,0.3293,9.101,0.3973,0.2863,0.0455,0.1917,0.3936,0.1561,0.0247,0.102,0.2077,0.099,0.0157,0.0661,0.1371,8.732,1.6756,6.034,12.53,0.0,0.0,0.0,0.0,0.0,0.0,0.0,0.0,0.3016,0.0822,0.125,0.4712,8.1683,2.2272,3.385,12.76,0.2894,0.0459,0.1767,0.382
iccad1,NHS120_9,FP,NHS,HS,occlusion,30,15053,15053,15360,30,8,0.0994,0,32,0.4419,0.2127,0.1463,4.414,0.0,0.0,0.351,9.699,0.4003,0.2863,0.0455,0.1917,0.3936,0.1561,0.0247,0.102,0.2077,0.099,0.0157,0.0661,0.1371,8.732,1.6756,6.034,12.53,0.0,0.0,0.0,0.0,0.0,0.0,0.0,0.0,0.3016,0.0822,0.125,0.4712,8.1683,2.2272,3.385,12.76,0.2894,0.0459,0.1767,0.382
iccad1,NHS68_9,FP,NHS,HS,gradcam,10,5018,5018,5120,30,7,0.0956,3,31,0.046,0.4151,0.0377,4.26,0.0,0.0,0.134,10.761,0.3642,0.2388,0.0805,0.1006,0.382,0.1654,0.0588,0.0664,0.2877,0.0801,0.028,0.0336,0.1285,10.3845,3.093,5.208,16.361,0.0714,0.2361,0.0,0.9524,0.2929,0.9683,0.0,3.906,0.1084,0.0462,0.0323,0.206,8.5286,3.6388,2.539,16.211,0.2359,0.0699,0.1281,0.3773
iccad1,NHS68_9,FP,NHS,HS,gradcam_plus,10,5018,5018,5120,30,7,0.0956,3,31,0.0897,0.2595,0.0482,6.263,0.0,0.0,0.2109,16.939,0.2737,0.2388,0.0805,0.1006,0.382,0.1654,0.0588,0.0664,0.2877,0.0801,0.028,0.0336,0.1285,10.3845,3.093,5.208,16.361,0.0714,0.2361,0.0,0.9524,0.2929,0.9683,0.0,3.906,0.1084,0.0462,0.0323,0.206,8.5286,3.6388,2.539,16.211,0.2359,0.0699,0.1281,0.3773
iccad1,NHS68_9,FP,NHS,HS,layercam,10,5018,5018,5120,30,7,0.0956,3,31,0.4199,0.3497,0.1626,3.207,0.7143,2.989,0.1414,11.359,0.4041,0.2388,0.0805,0.1006,0.382,0.1654,0.0588,0.0664,0.2877,0.0801,0.028,0.0336,0.1285,10.3845,3.093,5.208,16.361,0.0714,0.2361,0.0,0.9524,0.2929,0.9683,0.0,3.906,0.1084,0.0462,0.0323,0.206,8.5286,3.6388,2.539,16.211,0.2359,0.0699,0.1281,0.3773
iccad1,NHS68_9,FP,NHS,HS,occlusion,10,5018,5018,5120,30,7,0.0956,3,31,0.5556,0.2535,0.1566,3.703,0.0476,0.199,0.1166,9.366,0.4615,0.2388,0.0805,0.1006,0.382,0.1654,0.0588,0.0664,0.2877,0.0801,0.028,0.0336,0.1285,10.3845,3.093,5.208,16.361,0.0714,0.2361,0.0,0.9524,0.2929,0.9683,0.0,3.906,0.1084,0.0462,0.0323,0.206,8.5286,3.6388,2.539,16.211,0.2359,0.0699,0.1281,0.3773
iccad1,NHS68_9,FP,NHS,HS,gradcam,20,10035,10035,10240,30,7,0.0956,3,31,0.0899,0.4069,0.0625,4.409,0.0,0.0,0.2854,11.46,0.3506,0.2275,0.0403,0.1467,0.3028,0.1699,0.0376,0.1043,0.2529,0.0792,0.0155,0.0509,0.1133,10.6287,2.0705,6.912,15.603,0.2286,0.4071,0.0,1.0,0.4688,0.8349,0.0,2.051,0.2028,0.0897,0.0298,0.3623,7.9818,3.5291,1.172,14.258,0.2307,0.0411,0.1572,0.2991
iccad1,NHS68_9,FP,NHS,HS,gradcam_plus,20,10035,10035,10240,30,7,0.0956,3,31,0.1277,0.2554,0.0805,6.329,0.0,0.0,0.3077,12.357,0.2757,0.2275,0.0403,0.1467,0.3028,0.1699,0.0376,0.1043,0.2529,0.0792,0.0155,0.0509,0.1133,10.6287,2.0705,6.912,15.603,0.2286,0.4071,0.0,1.0,0.4688,0.8349,0.0,2.051,0.2028,0.0897,0.0298,0.3623,7.9818,3.5291,1.172,14.258,0.2307,0.0411,0.1572,0.2991
iccad1,NHS68_9,FP,NHS,HS,layercam,20,10035,10035,10240,30,7,0.0956,3,31,0.387,0.3207,0.1456,3.768,1.0,2.093,0.3226,12.955,0.3814,0.2275,0.0403,0.1467,0.3028,0.1699,0.0376,0.1043,0.2529,0.0792,0.0155,0.0509,0.1133,10.6287,2.0705,6.912,15.603,0.2286,0.4071,0.0,1.0,0.4688,0.8349,0.0,2.051,0.2028,0.0897,0.0298,0.3623,7.9818,3.5291,1.172,14.258,0.2307,0.0411,0.1572,0.2991
iccad1,NHS68_9,FP,NHS,HS,occlusion,20,10035,10035,10240,30,7,0.0956,3,31,0.4669,0.2396,0.1334,4.573,0.0476,0.1,0.3127,12.556,0.3896,0.2275,0.0403,0.1467,0.3028,0.1699,0.0376,0.1043,0.2529,0.0792,0.0155,0.0509,0.1133,10.6287,2.0705,6.912,15.603,0.2286,0.4071,0.0,1.0,0.4688,0.8349,0.0,2.051,0.2028,0.0897,0.0298,0.3623,7.9818,3.5291,1.172,14.258,0.2307,0.0411,0.1572,0.2991
iccad1,NHS68_9,FP,NHS,HS,gradcam,30,15053,15053,15360,30,7,0.0956,3,31,0.1429,0.3346,0.1028,5.052,0.0,0.0,0.4764,12.755,0.3202,0.2202,0.0468,0.143,0.3565,0.1589,0.0274,0.1094,0.2202,0.0748,0.0132,0.0531,0.1073,11.334,1.7223,7.503,14.837,0.3016,0.4335,0.0,1.0,0.4123,0.5927,0.0,1.367,0.291,0.0821,0.1017,0.464,7.6346,2.1527,2.669,12.174,0.221,0.0362,0.1486,0.3266
iccad1,NHS68_9,FP,NHS,HS,gradcam_plus,30,15053,15053,15360,30,7,0.0956,3,31,0.1459,0.2327,0.08,6.583,0.0,0.0,0.4442,11.891,0.2673,0.2202,0.0468,0.143,0.3565,0.1589,0.0274,0.1094,0.2202,0.0748,0.0132,0.0531,0.1073,11.334,1.7223,7.503,14.837,0.3016,0.4335,0.0,1.0,0.4123,0.5927,0.0,1.367,0.291,0.0821,0.1017,0.464,7.6346,2.1527,2.669,12.174,0.221,0.0362,0.1486,0.3266
iccad1,NHS68_9,FP,NHS,HS,layercam,30,15053,15053,15360,30,7,0.0956,3,31,0.363,0.2937,0.1342,4.297,1.0,1.395,0.469,12.556,0.359,0.2202,0.0468,0.143,0.3565,0.1589,0.0274,0.1094,0.2202,0.0748,0.0132,0.0531,0.1073,11.334,1.7223,7.503,14.837,0.3016,0.4335,0.0,1.0,0.4123,0.5927,0.0,1.367,0.291,0.0821,0.1017,0.464,7.6346,2.1527,2.669,12.174,0.221,0.0362,0.1486,0.3266
iccad1,NHS68_9,FP,NHS,HS,occlusion,30,15053,15053,15360,30,7,0.0956,3,31,0.3783,0.22,0.1168,6.059,1.0,1.395,0.4864,13.021,0.3255,0.2202,0.0468,0.143,0.3565,0.1589,0.0274,0.1094,0.2202,0.0748,0.0132,0.0531,0.1073,11.334,1.7223,7.503,14.837,0.3016,0.4335,0.0,1.0,0.4123,0.5927,0.0,1.367,0.291,0.0821,0.1017,0.464,7.6346,2.1527,2.669,12.174,0.221,0.0362,0.1486,0.3266
iccad1,NHS32_4,FP,NHS,HS,gradcam,10,5018,5018,5120,30,8,0.0994,4,37,0.0678,0.3304,0.0522,4.724,0.0,0.0,0.0894,8.569,0.3694,0.2283,0.0639,0.1186,0.3672,0.164,0.0377,0.1057,0.2379,0.0786,0.0167,0.0422,0.1074,9.0229,2.4039,5.722,13.998,0.1292,0.2949,0.0,0.875,0.6055,1.3825,0.0,4.102,0.1007,0.0504,0.0,0.2225,9.4597,4.7319,0.0,20.898,0.2252,0.0633,0.1242,0.3836
iccad1,NHS32_4,FP,NHS,HS,gradcam_plus,10,5018,5018,5120,30,8,0.0994,4,37,0.1439,0.1136,0.0803,7.774,0.0,0.0,0.1081,10.363,0.2526,0.2283,0.0639,0.1186,0.3672,0.164,0.0377,0.1057,0.2379,0.0786,0.0167,0.0422,0.1074,9.0229,2.4039,5.722,13.998,0.1292,0.2949,0.0,0.875,0.6055,1.3825,0.0,4.102,0.1007,0.0504,0.0,0.2225,9.4597,4.7319,0.0,20.898,0.2252,0.0633,0.1242,0.3836
iccad1,NHS32_4,FP,NHS,HS,layercam,10,5018,5018,5120,30,8,0.0994,4,37,0.381,0.3101,0.1528,3.781,0.0,0.0,0.2495,23.914,0.3544,0.2283,0.0639,0.1186,0.3672,0.164,0.0377,0.1057,0.2379,0.0786,0.0167,0.0422,0.1074,9.0229,2.4039,5.722,13.998,0.1292,0.2949,0.0,0.875,0.6055,1.3825,0.0,4.102,0.1007,0.0504,0.0,0.2225,9.4597,4.7319,0.0,20.898,0.2252,0.0633,0.1242,0.3836
iccad1,NHS32_4,FP,NHS,HS,occlusion,10,5018,5018,5120,30,8,0.0994,4,37,0.4771,0.2011,0.1242,5.158,0.875,4.185,0.2349,22.519,0.3933,0.2283,0.0639,0.1186,0.3672,0.164,0.0377,0.1057,0.2379,0.0786,0.0167,0.0422,0.1074,9.0229,2.4039,5.722,13.998,0.1292,0.2949,0.0,0.875,0.6055,1.3825,0.0,4.102,0.1007,0.0504,0.0,0.2225,9.4597,4.7319,0.0,20.898,0.2252,0.0633,0.1242,0.3836
iccad1,NHS32_4,FP,NHS,HS,gradcam,20,10035,10035,10240,30,8,0.0994,4,37,0.0791,0.3221,0.0505,5.157,0.0,0.0,0.2536,12.157,0.3318,0.23,0.0484,0.1296,0.3097,0.165,0.0212,0.1234,0.222,0.0772,0.0086,0.0545,0.0951,8.7446,1.2207,6.14,11.656,0.2583,0.3939,0.0,1.0,0.6055,0.9232,0.0,2.344,0.2064,0.0678,0.0644,0.3202,9.6973,3.1862,3.027,15.039,0.2314,0.0399,0.1591,0.2962
iccad1,NHS32_4,FP,NHS,HS,gradcam_plus,20,10035,10035,10240,30,8,0.0994,4,37,0.1117,0.1561,0.0618,7.588,0.0,0.0,0.1372,6.577,0.2385,0.23,0.0484,0.1296,0.3097,0.165,0.0212,0.1234,0.222,0.0772,0.0086,0.0545,0.0951,8.7446,1.2207,6.14,11.656,0.2583,0.3939,0.0,1.0,0.6055,0.9232,0.0,2.344,0.2064,0.0678,0.0644,0.3202,9.6973,3.1862,3.027,15.039,0.2314,0.0399,0.1591,0.2962
iccad1,NHS32_4,FP,NHS,HS,layercam,20,10035,10035,10240,30,8,0.0994,4,37,0.3725,0.2809,0.1339,4.313,0.875,2.093,0.3929,18.834,0.3444,0.23,0.0484,0.1296,0.3097,0.165,0.0212,0.1234,0.222,0.0772,0.0086,0.0545,0.0951,8.7446,1.2207,6.14,11.656,0.2583,0.3939,0.0,1.0,0.6055,0.9232,0.0,2.344,0.2064,0.0678,0.0644,0.3202,9.6973,3.1862,3.027,15.039,0.2314,0.0399,0.1591,0.2962
iccad1,NHS32_4,FP,NHS,HS,occlusion,20,10035,10035,10240,30,8,0.0994,4,37,0.4048,0.1834,0.1049,6.071,0.875,2.093,0.3119,14.948,0.3526,0.23,0.0484,0.1296,0.3097,0.165,0.0212,0.1234,0.222,0.0772,0.0086,0.0545,0.0951,8.7446,1.2207,6.14,11.656,0.2583,0.3939,0.0,1.0,0.6055,0.9232,0.0,2.344,0.2064,0.0678,0.0644,0.3202,9.6973,3.1862,3.027,15.039,0.2314,0.0399,0.1591,0.2962
iccad1,NHS32_4,FP,NHS,HS,gradcam,30,15053,15053,15360,30,8,0.0994,4,37,0.1329,0.2831,0.0725,5.384,0.5,0.797,0.4075,13.021,0.3103,0.2477,0.0402,0.1622,0.3331,0.1681,0.0178,0.1357,0.2046,0.0803,0.0086,0.0625,0.1023,8.3674,0.946,6.599,10.295,0.4125,0.4415,0.0,1.0,0.6444,0.6898,0.0,1.562,0.303,0.0769,0.1663,0.4449,9.4878,2.4071,5.208,13.932,0.2446,0.0379,0.1627,0.3069
iccad1,NHS32_4,FP,NHS,HS,gradcam_plus,30,15053,15053,15360,30,8,0.0994,4,37,0.1052,0.1582,0.0514,7.623,0.0,0.0,0.2162,6.909,0.2277,0.2477,0.0402,0.1622,0.3331,0.1681,0.0178,0.1357,0.2046,0.0803,0.0086,0.0625,0.1023,8.3674,0.946,6.599,10.295,0.4125,0.4415,0.0,1.0,0.6444,0.6898,0.0,1.562,0.303,0.0769,0.1663,0.4449,9.4878,2.4071,5.208,13.932,0.2446,0.0379,0.1627,0.3069
iccad1,NHS32_4,FP,NHS,HS,layercam,30,15053,15053,15360,30,8,0.0994,4,37,0.3565,0.2554,0.1225,4.739,1.0,1.594,0.5489,17.538,0.3301,0.2477,0.0402,0.1622,0.3331,0.1681,0.0178,0.1357,0.2046,0.0803,0.0086,0.0625,0.1023,8.3674,0.946,6.599,10.295,0.4125,0.4415,0.0,1.0,0.6444,0.6898,0.0,1.562,0.303,0.0769,0.1663,0.4449,9.4878,2.4071,5.208,13.932,0.2446,0.0379,0.1627,0.3069
iccad1,NHS32_4,FP,NHS,HS,occlusion,30,15053,15053,15360,30,8,0.0994,4,37,0.3549,0.1932,0.0978,6.292,0.875,1.395,0.4782,15.279,0.3231,0.2477,0.0402,0.1622,0.3331,0.1681,0.0178,0.1357,0.2046,0.0803,0.0086,0.0625,0.1023,8.3674,0.946,6.599,10.295,0.4125,0.4415,0.0,1.0,0.6444,0.6898,0.0,1.562,0.303,0.0769,0.1663,0.4449,9.4878,2.4071,5.208,13.932,0.2446,0.0379,0.1627,0.3069
iccad1,HS193,FN,HS,NHS,gradcam,10,5018,5018,5120,30,6,0.0483,0,26,0.0008,0.0504,0.0008,70.291,0.0,0.0,0.0089,0.598,0.0155,0.0935,0.07,0.0,0.3039,0.1733,0.089,0.0,0.3613,0.038,0.022,0.0,0.0941,31.318,13.2542,7.499,59.751,0.0,0.0,0.0,0.0,0.0,0.0,0.0,0.0,0.0999,0.0757,0.0,0.3077,6.5951,4.9961,0.0,20.312,0.0961,0.0609,0.0,0.2837
iccad1,HS193,FN,HS,NHS,gradcam_plus,10,5018,5018,5120,30,6,0.0483,0,26,0.1489,0.602,0.0875,4.877,0.0,0.0,0.5414,36.469,0.264,0.0935,0.07,0.0,0.3039,0.1733,0.089,0.0,0.3613,0.038,0.022,0.0,0.0941,31.318,13.2542,7.499,59.751,0.0,0.0,0.0,0.0,0.0,0.0,0.0,0.0,0.0999,0.0757,0.0,0.3077,6.5951,4.9961,0.0,20.312,0.0961,0.0609,0.0,0.2837
iccad1,HS193,FN,HS,NHS,layercam,10,5018,5018,5120,30,6,0.0483,0,26,0.2814,0.4924,0.1126,6.101,0.0,0.0,0.3905,26.305,0.2802,0.0935,0.07,0.0,0.3039,0.1733,0.089,0.0,0.3613,0.038,0.022,0.0,0.0941,31.318,13.2542,7.499,59.751,0.0,0.0,0.0,0.0,0.0,0.0,0.0,0.0,0.0999,0.0757,0.0,0.3077,6.5951,4.9961,0.0,20.312,0.0961,0.0609,0.0,0.2837
iccad1,HS193,FN,HS,NHS,occlusion,10,5018,5018,5120,30,6,0.0483,0,26,0.333,0.3818,0.0955,5.89,0.0,0.0,0.2041,13.75,0.3294,0.0935,0.07,0.0,0.3039,0.1733,0.089,0.0,0.3613,0.038,0.022,0.0,0.0941,31.318,13.2542,7.499,59.751,0.0,0.0,0.0,0.0,0.0,0.0,0.0,0.0,0.0999,0.0757,0.0,0.3077,6.5951,4.9961,0.0,20.312,0.0961,0.0609,0.0,0.2837
iccad1,HS193,FN,HS,NHS,gradcam,20,10035,10035,10240,30,6,0.0483,0,26,0.001,0.0326,0.001,61.499,0.0,0.0,0.0178,0.598,0.0098,0.1215,0.0626,0.0271,0.2442,0.1941,0.0533,0.1026,0.3015,0.0444,0.0165,0.0148,0.0792,29.8451,8.5522,14.978,49.926,0.0,0.0,0.0,0.0,0.0,0.0,0.0,0.0,0.2227,0.1156,0.0,0.5059,7.3503,3.8141,0.0,16.699,0.1185,0.0493,0.0496,0.2223
iccad1,HS193,FN,HS,NHS,gradcam_plus,20,10035,10035,10240,30,6,0.0483,0,26,0.1512,0.5058,0.0871,5.643,0.0,0.0,0.784,26.408,0.2396,0.1215,0.0626,0.0271,0.2442,0.1941,0.0533,0.1026,0.3015,0.0444,0.0165,0.0148,0.0792,29.8451,8.5522,14.978,49.926,0.0,0.0,0.0,0.0,0.0,0.0,0.0,0.0,0.2227,0.1156,0.0,0.5059,7.3503,3.8141,0.0,16.699,0.1185,0.0493,0.0496,0.2223
iccad1,HS193,FN,HS,NHS,layercam,20,10035,10035,10240,30,6,0.0483,0,26,0.2486,0.4253,0.0921,9.938,0.0,0.0,0.6893,23.219,0.2463,0.1215,0.0626,0.0271,0.2442,0.1941,0.0533,0.1026,0.3015,0.0444,0.0165,0.0148,0.0792,29.8451,8.5522,14.978,49.926,0.0,0.0,0.0,0.0,0.0,0.0,0.0,0.0,0.2227,0.1156,0.0,0.5059,7.3503,3.8141,0.0,16.699,0.1185,0.0493,0.0496,0.2223
iccad1,HS193,FN,HS,NHS,occlusion,20,10035,10035,10240,30,6,0.0483,0,26,0.2136,0.2563,0.0653,14.077,0.0,0.0,0.2692,9.068,0.2116,0.1215,0.0626,0.0271,0.2442,0.1941,0.0533,0.1026,0.3015,0.0444,0.0165,0.0148,0.0792,29.8451,8.5522,14.978,49.926,0.0,0.0,0.0,0.0,0.0,0.0,0.0,0.0,0.2227,0.1156,0.0,0.5059,7.3503,3.8141,0.0,16.699,0.1185,0.0493,0.0496,0.2223
iccad1,HS193,FN,HS,NHS,gradcam,30,15053,15053,15360,30,6,0.0483,0,26,0.0007,0.0217,0.0007,59.305,0.0,0.0,0.0178,0.399,0.0065,0.1047,0.041,0.042,0.1802,0.1797,0.0422,0.0743,0.2533,0.0394,0.0118,0.0193,0.0619,34.0878,7.4819,19.697,50.382,0.0,0.0,0.0,0.0,0.0,0.0,0.0,0.0,0.3027,0.1367,0.0769,0.5385,6.6602,3.0069,1.693,11.849,0.1059,0.0329,0.0492,0.1662
iccad1,HS193,FN,HS,NHS,gradcam_plus,30,15053,15053,15360,30,6,0.0483,0,26,0.1638,0.4632,0.0828,6.204,0.0,0.0,0.9497,21.325,0.2199,0.1047,0.041,0.042,0.1802,0.1797,0.0422,0.0743,0.2533,0.0394,0.0118,0.0193,0.0619,34.0878,7.4819,19.697,50.382,0.0,0.0,0.0,0.0,0.0,0.0,0.0,0.0,0.3027,0.1367,0.0769,0.5385,6.6602,3.0069,1.693,11.849,0.1059,0.0329,0.0492,0.1662
iccad1,HS193,FN,HS,NHS,layercam,30,15053,15053,15360,30,6,0.0483,0,26,0.2091,0.3602,0.0734,15.33,0.0,0.0,0.784,17.604,0.2138,0.1047,0.041,0.042,0.1802,0.1797,0.0422,0.0743,0.2533,0.0394,0.0118,0.0193,0.0619,34.0878,7.4819,19.697,50.382,0.0,0.0,0.0,0.0,0.0,0.0,0.0,0.0,0.3027,0.1367,0.0769,0.5385,6.6602,3.0069,1.693,11.849,0.1059,0.0329,0.0492,0.1662
iccad1,HS193,FN,HS,NHS,occlusion,30,15053,15053,15360,30,6,0.0483,0,26,0.1858,0.231,0.0553,20.15,0.0,0.0,0.4615,10.363,0.1769,0.1047,0.041,0.042,0.1802,0.1797,0.0422,0.0743,0.2533,0.0394,0.0118,0.0193,0.0619,34.0878,7.4819,19.697,50.382,0.0,0.0,0.0,0.0,0.0,0.0,0.0,0.0,0.3027,0.1367,0.0769,0.5385,6.6602,3.0069,1.693,11.849,0.1059,0.0329,0.0492,0.1662
iccad1,HS144,FN,HS,NHS,gradcam,10,5018,5018,5120,30,4,0.0502,1,21,0.0,0.053,0.0,71.874,0.0,0.0,0.0,0.0,0.0124,0.115,0.0685,0.0186,0.348,0.1805,0.0726,0.0563,0.384,0.0339,0.0186,0.0076,0.0992,32.1346,11.993,6.435,65.246,0.1333,0.3399,0.0,1.0,0.3385,0.8631,0.0,2.539,0.1175,0.0703,0.0,0.2527,6.2629,3.746,0.0,13.477,0.1177,0.065,0.0317,0.326
iccad1,HS144,FN,HS,NHS,gradcam_plus,10,5018,5018,5120,30,4,0.0502,1,21,0.1895,0.673,0.0949,4.449,1.0,2.591,0.4066,22.12,0.3132,0.115,0.0685,0.0186,0.348,0.1805,0.0726,0.0563,0.384,0.0339,0.0186,0.0076,0.0992,32.1346,11.993,6.435,65.246,0.1333,0.3399,0.0,1.0,0.3385,0.8631,0.0,2.539,0.1175,0.0703,0.0,0.2527,6.2629,3.746,0.0,13.477,0.1177,0.065,0.0317,0.326
iccad1,HS144,FN,HS,NHS,layercam,10,5018,5018,5120,30,4,0.0502,1,21,0.2977,0.4769,0.1068,7.786,0.0,0.0,0.3736,20.327,0.3001,0.115,0.0685,0.0186,0.348,0.1805,0.0726,0.0563,0.384,0.0339,0.0186,0.0076,0.0992,32.1346,11.993,6.435,65.246,0.1333,0.3399,0.0,1.0,0.3385,0.8631,0.0,2.539,0.1175,0.0703,0.0,0.2527,6.2629,3.746,0.0,13.477,0.1177,0.065,0.0317,0.326
iccad1,HS144,FN,HS,NHS,occlusion,10,5018,5018,5120,30,4,0.0502,1,21,0.4779,0.3786,0.119,5.186,0.0,0.0,0.1575,8.569,0.4245,0.115,0.0685,0.0186,0.348,0.1805,0.0726,0.0563,0.384,0.0339,0.0186,0.0076,0.0992,32.1346,11.993,6.435,65.246,0.1333,0.3399,0.0,1.0,0.3385,0.8631,0.0,2.539,0.1175,0.0703,0.0,0.2527,6.2629,3.746,0.0,13.477,0.1177,0.065,0.0317,0.326
iccad1,HS144,FN,HS,NHS,gradcam,20,10035,10035,10240,30,4,0.0502,1,21,0.0,0.0296,0.0,61.377,0.0,0.0,0.0,0.0,0.0068,0.1138,0.0431,0.0445,0.2414,0.1821,0.0404,0.103,0.2737,0.0346,0.0106,0.0168,0.0657,34.7758,6.6779,20.963,50.318,0.2333,0.423,0.0,1.0,0.2963,0.5371,0.0,1.27,0.2156,0.1212,0.0,0.4432,5.7487,3.2311,0.0,11.816,0.1189,0.0363,0.0597,0.223
iccad1,HS144,FN,HS,NHS,gradcam_plus,20,10035,10035,10240,30,4,0.0502,1,21,0.2176,0.5858,0.1027,4.864,1.0,1.295,0.7363,20.03,0.2793,0.1138,0.0431,0.0445,0.2414,0.1821,0.0404,0.103,0.2737,0.0346,0.0106,0.0168,0.0657,34.7758,6.6779,20.963,50.318,0.2333,0.423,0.0,1.0,0.2963,0.5371,0.0,1.27,0.2156,0.1212,0.0,0.4432,5.7487,3.2311,0.0,11.816,0.1189,0.0363,0.0597,0.223
iccad1,HS144,FN,HS,NHS,layercam,20,10035,10035,10240,30,4,0.0502,1,21,0.2591,0.4253,0.0892,11.995,0.0,0.0,0.5275,14.35,0.2637,0.1138,0.0431,0.0445,0.2414,0.1821,0.0404,0.103,0.2737,0.0346,0.0106,0.0168,0.0657,34.7758,6.6779,20.963,50.318,0.2333,0.423,0.0,1.0,0.2963,0.5371,0.0,1.27,0.2156,0.1212,0.0,0.4432,5.7487,3.2311,0.0,11.816,0.1189,0.0363,0.0597,0.223
iccad1,HS144,FN,HS,NHS,occlusion,20,10035,10035,10240,30,4,0.0502,1,21,0.2981,0.3109,0.0707,9.445,0.0,0.0,0.1905,5.182,0.2877,0.1138,0.0431,0.0445,0.2414,0.1821,0.0404,0.103,0.2737,0.0346,0.0106,0.0168,0.0657,34.7758,6.6779,20.963,50.318,0.2333,0.423,0.0,1.0,0.2963,0.5371,0.0,1.27,0.2156,0.1212,0.0,0.4432,5.7487,3.2311,0.0,11.816,0.1189,0.0363,0.0597,0.223
iccad1,HS144,FN,HS,NHS,gradcam,30,15053,15053,15360,30,4,0.0502,1,21,0.0,0.0197,0.0,59.125,0.0,0.0,0.0,0.0,0.0045,0.119,0.0391,0.0462,0.2011,0.1736,0.0379,0.0805,0.2642,0.0369,0.0098,0.0167,0.0635,34.4201,6.4107,21.351,49.719,0.3333,0.4714,0.0,1.0,0.282,0.3988,0.0,0.846,0.3065,0.1035,0.0952,0.5568,5.447,1.8401,1.693,9.896,0.1165,0.0339,0.0491,0.1878
iccad1,HS144,FN,HS,NHS,gradcam_plus,30,15053,15053,15360,30,4,0.0502,1,21,0.2094,0.5201,0.0973,5.836,1.0,0.864,0.9853,17.87,0.2541,0.119,0.0391,0.0462,0.2011,0.1736,0.0379,0.0805,0.2642,0.0369,0.0098,0.0167,0.0635,34.4201,6.4107,21.351,49.719,0.3333,0.4714,0.0,1.0,0.282,0.3988,0.0,0.846,0.3065,0.1035,0.0952,0.5568,5.447,1.8401,1.693,9.896,0.1165,0.0339,0.0491,0.1878
iccad1,HS144,FN,HS,NHS,layercam,30,15053,15053,15360,30,4,0.0502,1,21,0.2297,0.3735,0.0765,16.445,0.0,0.0,0.7289,13.22,0.2334,0.119,0.0391,0.0462,0.2011,0.1736,0.0379,0.0805,0.2642,0.0369,0.0098,0.0167,0.0635,34.4201,6.4107,21.351,49.719,0.3333,0.4714,0.0,1.0,0.282,0.3988,0.0,0.846,0.3065,0.1035,0.0952,0.5568,5.447,1.8401,1.693,9.896,0.1165,0.0339,0.0491,0.1878
iccad1,HS144,FN,HS,NHS,occlusion,30,15053,15053,15360,30,4,0.0502,1,21,0.2061,0.2264,0.0506,21.816,0.0,0.0,0.2051,3.72,0.2013,0.119,0.0391,0.0462,0.2011,0.1736,0.0379,0.0805,0.2642,0.0369,0.0098,0.0167,0.0635,34.4201,6.4107,21.351,49.719,0.3333,0.4714,0.0,1.0,0.282,0.3988,0.0,0.846,0.3065,0.1035,0.0952,0.5568,5.447,1.8401,1.693,9.896,0.1165,0.0339,0.0491,0.1878
iccad2,HSCAD216,TP,HS,HS,gradcam,10,5018,5018,5120,30,11,0.088,4,52,0.6652,0.1664,0.1118,2.105,0.0,0.0,0.0429,5.779,0.5496,0.3062,0.0991,0.1342,0.5254,0.133,0.0305,0.0602,0.1783,0.0645,0.0151,0.0318,0.0928,5.631,1.7833,3.263,10.731,0.1333,0.3399,0.0,1.0,0.6251,1.5936,0.0,4.688,0.1114,0.0634,0.0,0.2663,14.7135,8.3687,0.0,35.156,0.3078,0.0834,0.1483,0.4976
iccad2,HSCAD216,TP,HS,HS,gradcam_plus,10,5018,5018,5120,30,11,0.088,4,52,0.0145,0.0343,0.011,13.462,0.0,0.0,0.0133,1.794,0.075,0.3062,0.0991,0.1342,0.5254,0.133,0.0305,0.0602,0.1783,0.0645,0.0151,0.0318,0.0928,5.631,1.7833,3.263,10.731,0.1333,0.3399,0.0,1.0,0.6251,1.5936,0.0,4.688,0.1114,0.0634,0.0,0.2663,14.7135,8.3687,0.0,35.156,0.3078,0.0834,0.1483,0.4976
iccad2,HSCAD216,TP,HS,HS,layercam,10,5018,5018,5120,30,11,0.088,4,52,0.4739,0.2248,0.1086,1.893,0.0417,0.199,0.1538,20.725,0.4568,0.3062,0.0991,0.1342,0.5254,0.133,0.0305,0.0602,0.1783,0.0645,0.0151,0.0318,0.0928,5.631,1.7833,3.263,10.731,0.1333,0.3399,0.0,1.0,0.6251,1.5936,0.0,4.688,0.1114,0.0634,0.0,0.2663,14.7135,8.3687,0.0,35.156,0.3078,0.0834,0.1483,0.4976
iccad2,HSCAD216,TP,HS,HS,occlusion,10,5018,5018,5120,30,11,0.088,4,52,0.4595,0.2154,0.1064,2.302,0.0,0.0,0.1568,21.124,0.4303,0.3062,0.0991,0.1342,0.5254,0.133,0.0305,0.0602,0.1783,0.0645,0.0151,0.0318,0.0928,5.631,1.7833,3.263,10.731,0.1333,0.3399,0.0,1.0,0.6251,1.5936,0.0,4.688,0.1114,0.0634,0.0,0.2663,14.7135,8.3687,0.0,35.156,0.3078,0.0834,0.1483,0.4976
iccad2,HSCAD216,TP,HS,HS,gradcam,20,10035,10035,10240,30,11,0.088,4,52,0.5404,0.1941,0.1172,2.686,0.0,0.0,0.0695,4.684,0.4977,0.3287,0.0502,0.2296,0.4119,0.1496,0.0147,0.1138,0.1781,0.0713,0.0079,0.0549,0.0838,4.8498,0.7737,3.576,6.517,0.2667,0.4422,0.0,1.0,0.6251,1.0366,0.0,2.344,0.196,0.067,0.0518,0.3447,12.9362,4.4253,3.418,22.754,0.3345,0.0434,0.2414,0.4071
iccad2,HSCAD216,TP,HS,HS,gradcam_plus,20,10035,10035,10240,30,11,0.088,4,52,0.0867,0.0367,0.0209,10.708,0.0,0.0,0.1036,6.976,0.1235,0.3287,0.0502,0.2296,0.4119,0.1496,0.0147,0.1138,0.1781,0.0713,0.0079,0.0549,0.0838,4.8498,0.7737,3.576,6.517,0.2667,0.4422,0.0,1.0,0.6251,1.0366,0.0,2.344,0.196,0.067,0.0518,0.3447,12.9362,4.4253,3.418,22.754,0.3345,0.0434,0.2414,0.4071
iccad2,HSCAD216,TP,HS,HS,layercam,20,10035,10035,10240,30,11,0.088,4,52,0.4358,0.2079,0.0974,2.208,1.0,2.392,0.284,19.133,0.4313,0.3287,0.0502,0.2296,0.4119,0.1496,0.0147,0.1138,0.1781,0.0713,0.0079,0.0549,0.0838,4.8498,0.7737,3.576,6.517,0.2667,0.4422,0.0,1.0,0.6251,1.0366,0.0,2.344,0.196,0.067,0.0518,0.3447,12.9362,4.4253,3.418,22.754,0.3345,0.0434,0.2414,0.4071
iccad2,HSCAD216,TP,HS,HS,occlusion,20,10035,10035,10240,30,11,0.088,4,52,0.5345,0.1932,0.1041,2.512,0.0,0.0,0.1938,13.054,0.4985,0.3287,0.0502,0.2296,0.4119,0.1496,0.0147,0.1138,0.1781,0.0713,0.0079,0.0549,0.0838,4.8498,0.7737,3.576,6.517,0.2667,0.4422,0.0,1.0,0.6251,1.0366,0.0,2.344,0.196,0.067,0.0518,0.3447,12.9362,4.4253,3.418,22.754,0.3345,0.0434,0.2414,0.4071
iccad2,HSCAD216,TP,HS,HS,gradcam,30,15053,15053,15360,30,11,0.088,4,52,0.4498,0.1951,0.0907,2.962,0.0417,0.066,0.1464,6.577,0.47,0.3304,0.0417,0.2,0.445,0.1489,0.0095,0.1289,0.1665,0.0709,0.0058,0.0542,0.0829,5.0682,0.7007,3.95,6.685,0.3333,0.4714,0.0,1.0,0.5207,0.7363,0.0,1.562,0.3213,0.0899,0.1036,0.5547,14.1385,3.9574,4.557,24.414,0.3332,0.0344,0.2237,0.4143
iccad2,HSCAD216,TP,HS,HS,gradcam_plus,30,15053,15053,15360,30,11,0.088,4,52,0.2791,0.049,0.0343,8.736,0.0,0.0,0.1405,6.311,0.2758,0.3304,0.0417,0.2,0.445,0.1489,0.0095,0.1289,0.1665,0.0709,0.0058,0.0542,0.0829,5.0682,0.7007,3.95,6.685,0.3333,0.4714,0.0,1.0,0.5207,0.7363,0.0,1.562,0.3213,0.0899,0.1036,0.5547,14.1385,3.9574,4.557,24.414,0.3332,0.0344,0.2237,0.4143
iccad2,HSCAD216,TP,HS,HS,layercam,30,15053,15053,15360,30,11,0.088,4,52,0.4017,0.1891,0.0919,2.693,1.0,1.594,0.4571,20.527,0.3966,0.3304,0.0417,0.2,0.445,0.1489,0.0095,0.1289,0.1665,0.0709,0.0058,0.0542,0.0829,5.0682,0.7007,3.95,6.685,0.3333,0.4714,0.0,1.0,0.5207,0.7363,0.0,1.562,0.3213,0.0899,0.1036,0.5547,14.1385,3.9574,4.557,24.414,0.3332,0.0344,0.2237,0.4143
iccad2,HSCAD216,TP,HS,HS,occlusion,30,15053,15053,15360,30,11,0.088,4,52,0.5537,0.173,0.0976,2.875,1.0,1.594,0.2811,12.622,0.5196,0.3304,0.0417,0.2,0.445,0.1489,0.0095,0.1289,0.1665,0.0709,0.0058,0.0542,0.0829,5.0682,0.7007,3.95,6.685,0.3333,0.4714,0.0,1.0,0.5207,0.7363,0.0,1.562,0.3213,0.0899,0.1036,0.5547,14.1385,3.9574,4.557,24.414,0.3332,0.0344,0.2237,0.4143
iccad2,HSCAD2146,TP,HS,HS,gradcam,10,5018,5018,5120,30,13,0.088,0,58,0.5339,0.3147,0.2234,2.332,0.0,0.0,0.0889,13.352,0.5317,0.3357,0.0896,0.1793,0.6188,0.1801,0.0378,0.1125,0.2764,0.1135,0.0269,0.0605,0.1641,5.6186,1.3584,3.596,9.531,0.0,0.0,0.0,0.0,0.0,0.0,0.0,0.0,0.1101,0.0507,0.0,0.2082,16.2174,7.4646,0.0,30.664,0.3356,0.0625,0.2128,0.5189
iccad2,HSCAD2146,TP,HS,HS,gradcam_plus,10,5018,5018,5120,30,13,0.088,0,58,0.0771,0.1174,0.0442,11.428,0.0,0.0,0.0398,5.978,0.1178,0.3357,0.0896,0.1793,0.6188,0.1801,0.0378,0.1125,0.2764,0.1135,0.0269,0.0605,0.1641,5.6186,1.3584,3.596,9.531,0.0,0.0,0.0,0.0,0.0,0.0,0.0,0.0,0.1101,0.0507,0.0,0.2082,16.2174,7.4646,0.0,30.664,0.3356,0.0625,0.2128,0.5189
iccad2,HSCAD2146,TP,HS,HS,layercam,10,5018,5018,5120,30,13,0.088,0,58,0.5171,0.3364,0.2403,1.71,0.0,0.0,0.0597,8.968,0.4502,0.3357,0.0896,0.1793,0.6188,0.1801,0.0378,0.1125,0.2764,0.1135,0.0269,0.0605,0.1641,5.6186,1.3584,3.596,9.531,0.0,0.0,0.0,0.0,0.0,0.0,0.0,0.0,0.1101,0.0507,0.0,0.2082,16.2174,7.4646,0.0,30.664,0.3356,0.0625,0.2128,0.5189
iccad2,HSCAD2146,TP,HS,HS,occlusion,10,5018,5018,5120,30,13,0.088,0,58,0.4691,0.3571,0.2274,1.823,0.0,0.0,0.1353,20.327,0.4456,0.3357,0.0896,0.1793,0.6188,0.1801,0.0378,0.1125,0.2764,0.1135,0.0269,0.0605,0.1641,5.6186,1.3584,3.596,9.531,0.0,0.0,0.0,0.0,0.0,0.0,0.0,0.0,0.1101,0.0507,0.0,0.2082,16.2174,7.4646,0.0,30.664,0.3356,0.0625,0.2128,0.5189
iccad2,HSCAD2146,TP,HS,HS,gradcam,20,10035,10035,10240,30,13,0.088,0,58,0.4123,0.2834,0.166,2.889,0.0,0.0,0.1844,13.852,0.4549,0.3406,0.0669,0.1933,0.4711,0.1767,0.0255,0.125,0.2223,0.1117,0.0194,0.0673,0.1405,5.7189,0.9684,4.434,8.091,0.0,0.0,0.0,0.0,0.0,0.0,0.0,0.0,0.2074,0.0711,0.0517,0.3448,15.2702,5.2343,3.809,25.391,0.3397,0.049,0.2187,0.44
iccad2,HSCAD2146,TP,HS,HS,gradcam_plus,20,10035,10035,10240,30,13,0.088,0,58,0.1148,0.1633,0.0589,8.714,0.0,0.0,0.1273,9.567,0.1893,0.3406,0.0669,0.1933,0.4711,0.1767,0.0255,0.125,0.2223,0.1117,0.0194,0.0673,0.1405,5.7189,0.9684,4.434,8.091,0.0,0.0,0.0,0.0,0.0,0.0,0.0,0.0,0.2074,0.0711,0.0517,0.3448,15.2702,5.2343,3.809,25.391,0.3397,0.049,0.2187,0.44
iccad2,HSCAD2146,TP,HS,HS,layercam,20,10035,10035,10240,30,13,0.088,0,58,0.4212,0.313,0.198,2.249,0.0,0.0,0.2321,17.439,0.3957,0.3406,0.0669,0.1933,0.4711,0.1767,0.0255,0.125,0.2223,0.1117,0.0194,0.0673,0.1405,5.7189,0.9684,4.434,8.091,0.0,0.0,0.0,0.0,0.0,0.0,0.0,0.0,0.2074,0.0711,0.0517,0.3448,15.2702,5.2343,3.809,25.391,0.3397,0.049,0.2187,0.44
iccad2,HSCAD2146,TP,HS,HS,occlusion,20,10035,10035,10240,30,13,0.088,0,58,0.5047,0.3005,0.1948,2.572,0.0,0.0,0.2507,18.834,0.4713,0.3406,0.0669,0.1933,0.4711,0.1767,0.0255,0.125,0.2223,0.1117,0.0194,0.0673,0.1405,5.7189,0.9684,4.434,8.091,0.0,0.0,0.0,0.0,0.0,0.0,0.0,0.0,0.2074,0.0711,0.0517,0.3448,15.2702,5.2343,3.809,25.391,0.3397,0.049,0.2187,0.44
iccad2,HSCAD2146,TP,HS,HS,gradcam,30,15053,15053,15360,30,13,0.088,0,58,0.385,0.2651,0.1533,3.656,0.0,0.0,0.3382,16.94,0.4168,0.3319,0.0435,0.2455,0.4247,0.1809,0.0134,0.1514,0.2021,0.1131,0.0109,0.0923,0.1316,5.7489,0.5532,4.753,6.93,0.0,0.0,0.0,0.0,0.0,0.0,0.0,0.0,0.3055,0.0658,0.1897,0.4841,14.9957,3.2297,9.31,23.763,0.3326,0.0312,0.2727,0.397
iccad2,HSCAD2146,TP,HS,HS,gradcam_plus,30,15053,15053,15360,30,13,0.088,0,58,0.1651,0.1527,0.0781,7.967,0.0,0.0,0.2599,13.021,0.2061,0.3319,0.0435,0.2455,0.4247,0.1809,0.0134,0.1514,0.2021,0.1131,0.0109,0.0923,0.1316,5.7489,0.5532,4.753,6.93,0.0,0.0,0.0,0.0,0.0,0.0,0.0,0.0,0.3055,0.0658,0.1897,0.4841,14.9957,3.2297,9.31,23.763,0.3326,0.0312,0.2727,0.397
iccad2,HSCAD2146,TP,HS,HS,layercam,30,15053,15053,15360,30,13,0.088,0,58,0.3837,0.2845,0.1795,2.783,0.0,0.0,0.3806,19.066,0.3741,0.3319,0.0435,0.2455,0.4247,0.1809,0.0134,0.1514,0.2021,0.1131,0.0109,0.0923,0.1316,5.7489,0.5532,4.753,6.93,0.0,0.0,0.0,0.0,0.0,0.0,0.0,0.0,0.3055,0.0658,0.1897,0.4841,14.9957,3.2297,9.31,23.763,0.3326,0.0312,0.2727,0.397
iccad2,HSCAD2146,TP,HS,HS,occlusion,30,15053,15053,15360,30,13,0.088,0,58,0.4856,0.2508,0.1611,3.55,0.0,0.0,0.3117,15.612,0.461,0.3319,0.0435,0.2455,0.4247,0.1809,0.0134,0.1514,0.2021,0.1131,0.0109,0.0923,0.1316,5.7489,0.5532,4.753,6.93,0.0,0.0,0.0,0.0,0.0,0.0,0.0,0.0,0.3055,0.0658,0.1897,0.4841,14.9957,3.2297,9.31,23.763,0.3326,0.0312,0.2727,0.397
iccad2,HSCAD2155,TP,HS,HS,gradcam,10,5018,5018,5120,30,14,0.088,0,59,0.4932,0.2316,0.1263,2.148,0.0,0.0,0.0574,8.768,0.4973,0.3295,0.0823,0.1672,0.4994,0.1384,0.0231,0.0936,0.2082,0.0671,0.0132,0.0443,0.0971,5.2087,1.1325,3.105,7.373,0.0,0.0,0.0,0.0,0.0,0.0,0.0,0.0,0.0939,0.0411,0.0183,0.2256,14.0689,6.1608,2.734,33.789,0.329,0.0603,0.219,0.4536
iccad2,HSCAD2155,TP,HS,HS,gradcam_plus,10,5018,5018,5120,30,14,0.088,0,59,0.0269,0.0707,0.0207,11.097,0.0,0.0,0.0469,7.174,0.0964,0.3295,0.0823,0.1672,0.4994,0.1384,0.0231,0.0936,0.2082,0.0671,0.0132,0.0443,0.0971,5.2087,1.1325,3.105,7.373,0.0,0.0,0.0,0.0,0.0,0.0,0.0,0.0,0.0939,0.0411,0.0183,0.2256,14.0689,6.1608,2.734,33.789,0.329,0.0603,0.219,0.4536
iccad2,HSCAD2155,TP,HS,HS,layercam,10,5018,5018,5120,30,14,0.088,0,59,0.4777,0.2232,0.111,1.909,0.0,0.0,0.1695,25.907,0.4144,0.3295,0.0823,0.1672,0.4994,0.1384,0.0231,0.0936,0.2082,0.0671,0.0132,0.0443,0.0971,5.2087,1.1325,3.105,7.373,0.0,0.0,0.0,0.0,0.0,0.0,0.0,0.0,0.0939,0.0411,0.0183,0.2256,14.0689,6.1608,2.734,33.789,0.329,0.0603,0.219,0.4536
iccad2,HSCAD2155,TP,HS,HS,occlusion,10,5018,5018,5120,30,14,0.088,0,59,0.4277,0.2218,0.1092,2.29,0.0,0.0,0.176,26.903,0.3951,0.3295,0.0823,0.1672,0.4994,0.1384,0.0231,0.0936,0.2082,0.0671,0.0132,0.0443,0.0971,5.2087,1.1325,3.105,7.373,0.0,0.0,0.0,0.0,0.0,0.0,0.0,0.0,0.0939,0.0411,0.0183,0.2256,14.0689,6.1608,2.734,33.789,0.329,0.0603,0.219,0.4536
iccad2,HSCAD2155,TP,HS,HS,gradcam,20,10035,10035,10240,30,14,0.088,0,59,0.415,0.2143,0.0997,2.493,0.0,0.0,0.1291,9.865,0.4591,0.2969,0.0542,0.1979,0.4073,0.1342,0.016,0.1066,0.167,0.0637,0.008,0.0453,0.0819,5.4798,0.6828,4.317,6.842,0.0,0.0,0.0,0.0,0.0,0.0,0.0,0.0,0.2048,0.0551,0.0913,0.339,15.3386,4.126,6.836,25.391,0.2974,0.043,0.2268,0.3785
iccad2,HSCAD2155,TP,HS,HS,gradcam_plus,20,10035,10035,10240,30,14,0.088,0,59,0.0847,0.0686,0.0271,9.614,0.0,0.0,0.1121,8.57,0.1254,0.2969,0.0542,0.1979,0.4073,0.1342,0.016,0.1066,0.167,0.0637,0.008,0.0453,0.0819,5.4798,0.6828,4.317,6.842,0.0,0.0,0.0,0.0,0.0,0.0,0.0,0.0,0.2048,0.0551,0.0913,0.339,15.3386,4.126,6.836,25.391,0.2974,0.043,0.2268,0.3785
iccad2,HSCAD2155,TP,HS,HS,layercam,20,10035,10035,10240,30,14,0.088,0,59,0.3977,0.2001,0.0937,2.44,0.0,0.0,0.3038,23.219,0.3752,0.2969,0.0542,0.1979,0.4073,0.1342,0.016,0.1066,0.167,0.0637,0.008,0.0453,0.0819,5.4798,0.6828,4.317,6.842,0.0,0.0,0.0,0.0,0.0,0.0,0.0,0.0,0.2048,0.0551,0.0913,0.339,15.3386,4.126,6.836,25.391,0.2974,0.043,0.2268,0.3785
iccad2,HSCAD2155,TP,HS,HS,occlusion,20,10035,10035,10240,30,14,0.088,0,59,0.4815,0.1841,0.0933,2.906,0.0,0.0,0.2321,17.738,0.4545,0.2969,0.0542,0.1979,0.4073,0.1342,0.016,0.1066,0.167,0.0637,0.008,0.0453,0.0819,5.4798,0.6828,4.317,6.842,0.0,0.0,0.0,0.0,0.0,0.0,0.0,0.0,0.2048,0.0551,0.0913,0.339,15.3386,4.126,6.836,25.391,0.2974,0.043,0.2268,0.3785
iccad2,HSCAD2155,TP,HS,HS,gradcam,30,15053,15053,15360,30,14,0.088,0,59,0.3767,0.2003,0.0884,2.746,0.0,0.0,0.2399,12.223,0.4327,0.3125,0.0425,0.2407,0.3908,0.1399,0.0098,0.1202,0.1591,0.0668,0.006,0.0536,0.078,5.1972,0.5132,3.958,6.2,0.0,0.0,0.0,0.0,0.0,0.0,0.0,0.0,0.3151,0.0626,0.163,0.4237,15.7358,3.1252,8.138,21.159,0.3107,0.0328,0.2414,0.3573
iccad2,HSCAD2155,TP,HS,HS,gradcam_plus,30,15053,15053,15360,30,14,0.088,0,59,0.1159,0.0667,0.0312,8.915,0.0,0.0,0.2021,10.297,0.1414,0.3125,0.0425,0.2407,0.3908,0.1399,0.0098,0.1202,0.1591,0.0668,0.006,0.0536,0.078,5.1972,0.5132,3.958,6.2,0.0,0.0,0.0,0.0,0.0,0.0,0.0,0.0,0.3151,0.0626,0.163,0.4237,15.7358,3.1252,8.138,21.159,0.3107,0.0328,0.2414,0.3573
iccad2,HSCAD2155,TP,HS,HS,layercam,30,15053,15053,15360,30,14,0.088,0,59,0.3672,0.1892,0.0885,2.957,0.0,0.0,0.4876,24.846,0.3492,0.3125,0.0425,0.2407,0.3908,0.1399,0.0098,0.1202,0.1591,0.0668,0.006,0.0536,0.078,5.1972,0.5132,3.958,6.2,0.0,0.0,0.0,0.0,0.0,0.0,0.0,0.0,0.3151,0.0626,0.163,0.4237,15.7358,3.1252,8.138,21.159,0.3107,0.0328,0.2414,0.3573
iccad2,HSCAD2155,TP,HS,HS,occlusion,30,15053,15053,15360,30,14,0.088,0,59,0.5089,0.1687,0.0919,3.107,0.0,0.0,0.4029,20.527,0.4723,0.3125,0.0425,0.2407,0.3908,0.1399,0.0098,0.1202,0.1591,0.0668,0.006,0.0536,0.078,5.1972,0.5132,3.958,6.2,0.0,0.0,0.0,0.0,0.0,0.0,0.0,0.0,0.3151,0.0626,0.163,0.4237,15.7358,3.1252,8.138,21.159,0.3107,0.0328,0.2414,0.3573
iccad2,NNHSCAD2999_4,TN,NHS,NHS,gradcam,10,5018,5018,5120,30,8,0.0842,0,35,0.0,0.0,0.0,32.887,0.0,0.0,0.0,0.0,0.0,0.1797,0.0638,0.0627,0.3125,0.1991,0.0517,0.1066,0.3029,0.0617,0.0197,0.0242,0.1053,12.3895,3.6744,6.177,19.671,0.0,0.0,0.0,0.0,0.0,0.0,0.0,0.0,0.0893,0.0483,0.0176,0.2088,7.9361,4.2894,1.562,18.555,0.1749,0.0577,0.0532,0.2855
iccad2,NNHSCAD2999_4,TN,NHS,NHS,gradcam_plus,10,5018,5018,5120,30,8,0.0842,0,35,0.3204,0.56,0.1604,2.839,0.0,0.0,0.2615,23.715,0.2178,0.1797,0.0638,0.0627,0.3125,0.1991,0.0517,0.1066,0.3029,0.0617,0.0197,0.0242,0.1053,12.3895,3.6744,6.177,19.671,0.0,0.0,0.0,0.0,0.0,0.0,0.0,0.0,0.0893,0.0483,0.0176,0.2088,7.9361,4.2894,1.562,18.555,0.1749,0.0577,0.0532,0.2855
iccad2,NNHSCAD2999_4,TN,NHS,NHS,layercam,10,5018,5018,5120,30,8,0.0842,0,35,0.3314,0.4809,0.1548,3.563,0.0,0.0,0.3582,32.483,0.2276,0.1797,0.0638,0.0627,0.3125,0.1991,0.0517,0.1066,0.3029,0.0617,0.0197,0.0242,0.1053,12.3895,3.6744,6.177,19.671,0.0,0.0,0.0,0.0,0.0,0.0,0.0,0.0,0.0893,0.0483,0.0176,0.2088,7.9361,4.2894,1.562,18.555,0.1749,0.0577,0.0532,0.2855
iccad2,NNHSCAD2999_4,TN,NHS,NHS,occlusion,10,5018,5018,5120,30,8,0.0842,0,35,0.5931,0.2268,0.102,5.225,0.0,0.0,0.0088,0.797,0.5203,0.1797,0.0638,0.0627,0.3125,0.1991,0.0517,0.1066,0.3029,0.0617,0.0197,0.0242,0.1053,12.3895,3.6744,6.177,19.671,0.0,0.0,0.0,0.0,0.0,0.0,0.0,0.0,0.0893,0.0483,0.0176,0.2088,7.9361,4.2894,1.562,18.555,0.1749,0.0577,0.0532,0.2855
iccad2,NNHSCAD2999_4,TN,NHS,NHS,gradcam,20,10035,10035,10240,30,8,0.0842,0,35,0.0,0.0,0.0,29.189,0.0,0.0,0.0,0.0,0.0013,0.1623,0.0496,0.0533,0.2655,0.1943,0.0461,0.1076,0.3444,0.0575,0.0158,0.0254,0.1039,12.716,3.1994,5.757,20.889,0.0,0.0,0.0,0.0,0.0,0.0,0.0,0.0,0.2183,0.0965,0.0549,0.411,9.7005,4.2859,2.441,18.262,0.1633,0.047,0.0688,0.2651
iccad2,NNHSCAD2999_4,TN,NHS,NHS,gradcam_plus,20,10035,10035,10240,30,8,0.0842,0,35,0.2048,0.3165,0.0888,11.004,0.0,0.0,0.3099,14.051,0.1409,0.1623,0.0496,0.0533,0.2655,0.1943,0.0461,0.1076,0.3444,0.0575,0.0158,0.0254,0.1039,12.716,3.1994,5.757,20.889,0.0,0.0,0.0,0.0,0.0,0.0,0.0,0.0,0.2183,0.0965,0.0549,0.411,9.7005,4.2859,2.441,18.262,0.1633,0.047,0.0688,0.2651
iccad2,NNHSCAD2999_4,TN,NHS,NHS,layercam,20,10035,10035,10240,30,8,0.0842,0,35,0.2704,0.3881,0.1222,5.908,0.0,0.0,0.5846,26.507,0.2038,0.1623,0.0496,0.0533,0.2655,0.1943,0.0461,0.1076,0.3444,0.0575,0.0158,0.0254,0.1039,12.716,3.1994,5.757,20.889,0.0,0.0,0.0,0.0,0.0,0.0,0.0,0.0,0.2183,0.0965,0.0549,0.411,9.7005,4.2859,2.441,18.262,0.1633,0.047,0.0688,0.2651
iccad2,NNHSCAD2999_4,TN,NHS,NHS,occlusion,20,10035,10035,10240,30,8,0.0842,0,35,0.423,0.2596,0.097,6.092,0.0,0.0,0.0418,1.893,0.3945,0.1623,0.0496,0.0533,0.2655,0.1943,0.0461,0.1076,0.3444,0.0575,0.0158,0.0254,0.1039,12.716,3.1994,5.757,20.889,0.0,0.0,0.0,0.0,0.0,0.0,0.0,0.0,0.2183,0.0965,0.0549,0.411,9.7005,4.2859,2.441,18.262,0.1633,0.047,0.0688,0.2651
iccad2,NNHSCAD2999_4,TN,NHS,NHS,gradcam,30,15053,15053,15360,30,8,0.0842,0,35,0.0,0.0017,0.0,25.468,0.0,0.0,0.0,0.0,0.0072,0.1598,0.022,0.1158,0.2051,0.1884,0.0233,0.1342,0.2313,0.0564,0.0073,0.0406,0.0704,13.0202,1.9376,9.994,18.008,0.0,0.0,0.0,0.0,0.0,0.0,0.0,0.0,0.2968,0.0947,0.1033,0.4769,8.7913,2.804,3.06,14.128,0.1596,0.0219,0.1112,0.208
iccad2,NNHSCAD2999_4,TN,NHS,NHS,gradcam_plus,30,15053,15053,15360,30,8,0.0842,0,35,0.1576,0.2203,0.073,15.344,0.0,0.0,0.3538,10.696,0.1079,0.1598,0.022,0.1158,0.2051,0.1884,0.0233,0.1342,0.2313,0.0564,0.0073,0.0406,0.0704,13.0202,1.9376,9.994,18.008,0.0,0.0,0.0,0.0,0.0,0.0,0.0,0.0,0.2968,0.0947,0.1033,0.4769,8.7913,2.804,3.06,14.128,0.1596,0.0219,0.1112,0.208
iccad2,NNHSCAD2999_4,TN,NHS,NHS,layercam,30,15053,15053,15360,30,8,0.0842,0,35,0.23,0.3231,0.1047,7.797,0.0,0.0,0.7692,23.251,0.1847,0.1598,0.022,0.1158,0.2051,0.1884,0.0233,0.1342,0.2313,0.0564,0.0073,0.0406,0.0704,13.0202,1.9376,9.994,18.008,0.0,0.0,0.0,0.0,0.0,0.0,0.0,0.0,0.2968,0.0947,0.1033,0.4769,8.7913,2.804,3.06,14.128,0.1596,0.0219,0.1112,0.208
iccad2,NNHSCAD2999_4,TN,NHS,NHS,occlusion,30,15053,15053,15360,30,8,0.0842,0,35,0.3501,0.2755,0.0947,6.296,0.0,0.0,0.2835,8.57,0.3272,0.1598,0.022,0.1158,0.2051,0.1884,0.0233,0.1342,0.2313,0.0564,0.0073,0.0406,0.0704,13.0202,1.9376,9.994,18.008,0.0,0.0,0.0,0.0,0.0,0.0,0.0,0.0,0.2968,0.0947,0.1033,0.4769,8.7913,2.804,3.06,14.128,0.1596,0.0219,0.1112,0.208
iccad2,NNHSCAD2993_1,TN,NHS,NHS,gradcam,10,5018,5018,5120,30,1,0.088,0,4,0.0,0.0,0.0,43.101,0.0,0.0,0.0,0.0,0.0,0.0732,0.0669,0.0,0.225,0.1689,0.0884,0.0,0.3809,0.0199,0.0133,0.0,0.048,47.3767,13.0169,25.425,75.763,0.0,0.0,0.0,0.0,0.0,0.0,0.0,0.0,0.0833,0.1344,0.0,0.5,0.8463,1.3647,0.0,5.078,0.0728,0.0583,0.0,0.1971
iccad2,NNHSCAD2993_1,TN,NHS,NHS,gradcam_plus,10,5018,5018,5120,30,1,0.088,0,4,0.7098,0.2902,0.1421,4.894,0.0,0.0,0.6538,6.776,0.5508,0.0732,0.0669,0.0,0.225,0.1689,0.0884,0.0,0.3809,0.0199,0.0133,0.0,0.048,47.3767,13.0169,25.425,75.763,0.0,0.0,0.0,0.0,0.0,0.0,0.0,0.0,0.0833,0.1344,0.0,0.5,0.8463,1.3647,0.0,5.078,0.0728,0.0583,0.0,0.1971
iccad2,NNHSCAD2993_1,TN,NHS,NHS,layercam,10,5018,5018,5120,30,1,0.088,0,4,0.1497,0.3386,0.0889,32.27,0.0,0.0,0.25,2.591,0.1781,0.0732,0.0669,0.0,0.225,0.1689,0.0884,0.0,0.3809,0.0199,0.0133,0.0,0.048,47.3767,13.0169,25.425,75.763,0.0,0.0,0.0,0.0,0.0,0.0,0.0,0.0,0.0833,0.1344,0.0,0.5,0.8463,1.3647,0.0,5.078,0.0728,0.0583,0.0,0.1971
iccad2,NNHSCAD2993_1,TN,NHS,NHS,occlusion,10,5018,5018,5120,30,1,0.088,0,4,0.5931,0.4069,0.118,5.667,0.0,0.0,0.0,0.0,0.5208,0.0732,0.0669,0.0,0.225,0.1689,0.0884,0.0,0.3809,0.0199,0.0133,0.0,0.048,47.3767,13.0169,25.425,75.763,0.0,0.0,0.0,0.0,0.0,0.0,0.0,0.0,0.0833,0.1344,0.0,0.5,0.8463,1.3647,0.0,5.078,0.0728,0.0583,0.0,0.1971
iccad2,NNHSCAD2993_1,TN,NHS,NHS,gradcam,20,10035,10035,10240,30,1,0.088,0,4,0.0,0.0,0.0,45.402,0.0,0.0,0.0,0.0,0.0,0.0844,0.0497,0.0156,0.1922,0.1942,0.0679,0.0761,0.3162,0.0252,0.0117,0.009,0.0465,45.9797,9.0399,30.004,65.857,0.0,0.0,0.0,0.0,0.0,0.0,0.0,0.0,0.1833,0.1434,0.0,0.5,0.9313,0.7282,0.0,2.539,0.0863,0.0458,0.0227,0.1811
iccad2,NNHSCAD2993_1,TN,NHS,NHS,gradcam_plus,20,10035,10035,10240,30,1,0.088,0,4,0.4379,0.5621,0.1228,5.993,0.0,0.0,1.0,5.182,0.4171,0.0844,0.0497,0.0156,0.1922,0.1942,0.0679,0.0761,0.3162,0.0252,0.0117,0.009,0.0465,45.9797,9.0399,30.004,65.857,0.0,0.0,0.0,0.0,0.0,0.0,0.0,0.0,0.1833,0.1434,0.0,0.5,0.9313,0.7282,0.0,2.539,0.0863,0.0458,0.0227,0.1811
iccad2,NNHSCAD2993_1,TN,NHS,NHS,layercam,20,10035,10035,10240,30,1,0.088,0,4,0.1306,0.276,0.0611,37.819,0.0,0.0,0.4038,2.093,0.1409,0.0844,0.0497,0.0156,0.1922,0.1942,0.0679,0.0761,0.3162,0.0252,0.0117,0.009,0.0465,45.9797,9.0399,30.004,65.857,0.0,0.0,0.0,0.0,0.0,0.0,0.0,0.0,0.1833,0.1434,0.0,0.5,0.9313,0.7282,0.0,2.539,0.0863,0.0458,0.0227,0.1811
iccad2,NNHSCAD2993_1,TN,NHS,NHS,occlusion,20,10035,10035,10240,30,1,0.088,0,4,0.4337,0.5217,0.1186,6.842,0.0,0.0,0.5,2.591,0.4087,0.0844,0.0497,0.0156,0.1922,0.1942,0.0679,0.0761,0.3162,0.0252,0.0117,0.009,0.0465,45.9797,9.0399,30.004,65.857,0.0,0.0,0.0,0.0,0.0,0.0,0.0,0.0,0.1833,0.1434,0.0,0.5,0.9313,0.7282,0.0,2.539,0.0863,0.0458,0.0227,0.1811
iccad2,NNHSCAD2993_1,TN,NHS,NHS,gradcam,30,15053,15053,15360,30,1,0.088,0,4,0.0,0.0,0.0,49.326,0.0,0.0,0.0,0.0,0.0,0.081,0.0461,0.0052,0.1926,0.1802,0.0658,0.0652,0.2836,0.0232,0.0097,0.0035,0.0408,49.046,8.2797,30.982,65.739,0.0,0.0,0.0,0.0,0.0,0.0,0.0,0.0,0.3583,0.2556,0.0,0.75,1.2131,0.8655,0.0,2.539,0.0804,0.041,0.0074,0.1718
iccad2,NNHSCAD2993_1,TN,NHS,NHS,gradcam_plus,30,15053,15053,15360,30,1,0.088,0,4,0.2932,0.4367,0.0832,21.018,0.0,0.0,1.0,3.454,0.2813,0.081,0.0461,0.0052,0.1926,0.1802,0.0658,0.0652,0.2836,0.0232,0.0097,0.0035,0.0408,49.046,8.2797,30.982,65.739,0.0,0.0,0.0,0.0,0.0,0.0,0.0,0.0,0.3583,0.2556,0.0,0.75,1.2131,0.8655,0.0,2.539,0.0804,0.041,0.0074,0.1718
iccad2,NNHSCAD2993_1,TN,NHS,NHS,layercam,30,15053,15053,15360,30,1,0.088,0,4,0.1125,0.2488,0.0464,41.537,0.0,0.0,0.6731,2.325,0.119,0.081,0.0461,0.0052,0.1926,0.1802,0.0658,0.0652,0.2836,0.0232,0.0097,0.0035,0.0408,49.046,8.2797,30.982,65.739,0.0,0.0,0.0,0.0,0.0,0.0,0.0,0.0,0.3583,0.2556,0.0,0.75,1.2131,0.8655,0.0,2.539,0.0804,0.041,0.0074,0.1718
iccad2,NNHSCAD2993_1,TN,NHS,NHS,occlusion,30,15053,15053,15360,30,1,0.088,0,4,0.2932,0.5502,0.0832,10.095,0.0,0.0,0.9808,3.388,0.2908,0.081,0.0461,0.0052,0.1926,0.1802,0.0658,0.0652,0.2836,0.0232,0.0097,0.0035,0.0408,49.046,8.2797,30.982,65.739,0.0,0.0,0.0,0.0,0.0,0.0,0.0,0.0,0.3583,0.2556,0.0,0.75,1.2131,0.8655,0.0,2.539,0.0804,0.041,0.0074,0.1718
iccad2,NNHSCAD2993_2,TN,NHS,NHS,gradcam,10,5018,5018,5120,30,1,0.088,0,4,0.0,0.0,0.0,43.101,0.0,0.0,0.0,0.0,0.0,0.0942,0.0697,0.0,0.2562,0.1951,0.0975,0.0375,0.4184,0.0265,0.0151,0.0,0.0563,46.4124,12.8696,27.949,78.407,0.0,0.0,0.0,0.0,0.0,0.0,0.0,0.0,0.0917,0.1367,0.0,0.5,0.931,1.3881,0.0,5.078,0.0934,0.0619,0.0002,0.242
iccad2,NNHSCAD2993_2,TN,NHS,NHS,gradcam_plus,10,5018,5018,5120,30,1,0.088,0,4,0.7098,0.2902,0.1421,4.894,0.0,0.0,0.6538,6.776,0.5508,0.0942,0.0697,0.0,0.2562,0.1951,0.0975,0.0375,0.4184,0.0265,0.0151,0.0,0.0563,46.4124,12.8696,27.949,78.407,0.0,0.0,0.0,0.0,0.0,0.0,0.0,0.0,0.0917,0.1367,0.0,0.5,0.931,1.3881,0.0,5.078,0.0934,0.0619,0.0002,0.242
iccad2,NNHSCAD2993_2,TN,NHS,NHS,layercam,10,5018,5018,5120,30,1,0.088,0,4,0.1497,0.3386,0.0889,32.27,0.0,0.0,0.25,2.591,0.1781,0.0942,0.0697,0.0,0.2562,0.1951,0.0975,0.0375,0.4184,0.0265,0.0151,0.0,0.0563,46.4124,12.8696,27.949,78.407,0.0,0.0,0.0,0.0,0.0,0.0,0.0,0.0,0.0917,0.1367,0.0,0.5,0.931,1.3881,0.0,5.078,0.0934,0.0619,0.0002,0.242
iccad2,NNHSCAD2993_2,TN,NHS,NHS,occlusion,10,5018,5018,5120,30,1,0.088,0,4,0.5931,0.4069,0.118,5.667,0.0,0.0,0.0,0.0,0.5208,0.0942,0.0697,0.0,0.2562,0.1951,0.0975,0.0375,0.4184,0.0265,0.0151,0.0,0.0563,46.4124,12.8696,27.949,78.407,0.0,0.0,0.0,0.0,0.0,0.0,0.0,0.0,0.0917,0.1367,0.0,0.5,0.931,1.3881,0.0,5.078,0.0934,0.0619,0.0002,0.242
iccad2,NNHSCAD2993_2,TN,NHS,NHS,gradcam,20,10035,10035,10240,30,1,0.088,0,4,0.0,0.0,0.0,45.402,0.0,0.0,0.0,0.0,0.0,0.0787,0.0488,0.0,0.2,0.1974,0.0662,0.0187,0.3022,0.0258,0.01,0.0,0.0469,47.6677,7.5063,32.502,62.988,0.0,0.0,0.0,0.0,0.0,0.0,0.0,0.0,0.1833,0.2134,0.0,0.75,0.9312,1.084,0.0,3.809,0.0832,0.0424,0.0001,0.1928
iccad2,NNHSCAD2993_2,TN,NHS,NHS,gradcam_plus,20,10035,10035,10240,30,1,0.088,0,4,0.4379,0.5621,0.1228,5.993,0.0,0.0,1.0,5.182,0.4171,0.0787,0.0488,0.0,0.2,0.1974,0.0662,0.0187,0.3022,0.0258,0.01,0.0,0.0469,47.6677,7.5063,32.502,62.988,0.0,0.0,0.0,0.0,0.0,0.0,0.0,0.0,0.1833,0.2134,0.0,0.75,0.9312,1.084,0.0,3.809,0.0832,0.0424,0.0001,0.1928
iccad2,NNHSCAD2993_2,TN,NHS,NHS,layercam,20,10035,10035,10240,30,1,0.088,0,4,0.1306,0.276,0.0611,37.819,0.0,0.0,0.4038,2.093,0.1409,0.0787,0.0488,0.0,0.2,0.1974,0.0662,0.0187,0.3022,0.0258,0.01,0.0,0.0469,47.6677,7.5063,32.502,62.988,0.0,0.0,0.0,0.0,0.0,0.0,0.0,0.0,0.1833,0.2134,0.0,0.75,0.9312,1.084,0.0,3.809,0.0832,0.0424,0.0001,0.1928
iccad2,NNHSCAD2993_2,TN,NHS,NHS,occlusion,20,10035,10035,10240,30,1,0.088,0,4,0.4337,0.5217,0.1186,6.842,0.0,0.0,0.5,2.591,0.4087,0.0787,0.0488,0.0,0.2,0.1974,0.0662,0.0187,0.3022,0.0258,0.01,0.0,0.0469,47.6677,7.5063,32.502,62.988,0.0,0.0,0.0,0.0,0.0,0.0,0.0,0.0,0.1833,0.2134,0.0,0.75,0.9312,1.084,0.0,3.809,0.0832,0.0424,0.0001,0.1928
iccad2,NNHSCAD2993_2,TN,NHS,NHS,gradcam,30,15053,15053,15360,30,1,0.088,0,4,0.0,0.0,0.0,49.326,0.0,0.0,0.0,0.0,0.0,0.0935,0.0345,0.0343,0.1708,0.177,0.0471,0.0708,0.2854,0.0244,0.0067,0.0125,0.0375,48.5983,7.0564,35.977,68.377,0.0,0.0,0.0,0.0,0.0,0.0,0.0,0.0,0.2583,0.254,0.0,0.75,0.8745,0.8599,0.0,2.539,0.0914,0.0304,0.0397,0.1615
iccad2,NNHSCAD2993_2,TN,NHS,NHS,gradcam_plus,30,15053,15053,15360,30,1,0.088,0,4,0.2932,0.4367,0.0832,21.018,0.0,0.0,1.0,3.454,0.2813,0.0935,0.0345,0.0343,0.1708,0.177,0.0471,0.0708,0.2854,0.0244,0.0067,0.0125,0.0375,48.5983,7.0564,35.977,68.377,0.0,0.0,0.0,0.0,0.0,0.0,0.0,0.0,0.2583,0.254,0.0,0.75,0.8745,0.8599,0.0,2.539,0.0914,0.0304,0.0397,0.1615
iccad2,NNHSCAD2993_2,TN,NHS,NHS,layercam,30,15053,15053,15360,30,1,0.088,0,4,0.1125,0.2488,0.0464,41.537,0.0,0.0,0.6731,2.325,0.119,0.0935,0.0345,0.0343,0.1708,0.177,0.0471,0.0708,0.2854,0.0244,0.0067,0.0125,0.0375,48.5983,7.0564,35.977,68.377,0.0,0.0,0.0,0.0,0.0,0.0,0.0,0.0,0.2583,0.254,0.0,0.75,0.8745,0.8599,0.0,2.539,0.0914,0.0304,0.0397,0.1615
iccad2,NNHSCAD2993_2,TN,NHS,NHS,occlusion,30,15053,15053,15360,30,1,0.088,0,4,0.2932,0.5502,0.0832,10.095,0.0,0.0,0.9808,3.388,0.2908,0.0935,0.0345,0.0343,0.1708,0.177,0.0471,0.0708,0.2854,0.0244,0.0067,0.0125,0.0375,48.5983,7.0564,35.977,68.377,0.0,0.0,0.0,0.0,0.0,0.0,0.0,0.0,0.2583,0.254,0.0,0.75,0.8745,0.8599,0.0,2.539,0.0914,0.0304,0.0397,0.1615
iccad2,NNHSCAD23820_8,FP,NHS,HS,gradcam,10,5018,5018,5120,30,8,0.088,0,28,0.5151,0.3645,0.2077,1.765,0.0,0.0,0.0549,3.986,0.5144,0.3038,0.0712,0.168,0.4295,0.1613,0.0312,0.1072,0.2119,0.1009,0.0225,0.0594,0.1375,6.8997,1.2576,5.069,9.8,0.0,0.0,0.0,0.0,0.0,0.0,0.0,0.0,0.1095,0.0766,0.0,0.3214,7.7863,5.443,0.0,22.852,0.3073,0.0519,0.1966,0.4131
iccad2,NNHSCAD23820_8,FP,NHS,HS,gradcam_plus,10,5018,5018,5120,30,8,0.088,0,28,0.5048,0.3547,0.2712,1.676,0.0,0.0,0.2802,20.327,0.4101,0.3038,0.0712,0.168,0.4295,0.1613,0.0312,0.1072,0.2119,0.1009,0.0225,0.0594,0.1375,6.8997,1.2576,5.069,9.8,0.0,0.0,0.0,0.0,0.0,0.0,0.0,0.0,0.1095,0.0766,0.0,0.3214,7.7863,5.443,0.0,22.852,0.3073,0.0519,0.1966,0.4131
iccad2,NNHSCAD23820_8,FP,NHS,HS,layercam,10,5018,5018,5120,30,8,0.088,0,28,0.5118,0.3456,0.2312,1.742,0.0,0.0,0.0714,5.181,0.4744,0.3038,0.0712,0.168,0.4295,0.1613,0.0312,0.1072,0.2119,0.1009,0.0225,0.0594,0.1375,6.8997,1.2576,5.069,9.8,0.0,0.0,0.0,0.0,0.0,0.0,0.0,0.0,0.1095,0.0766,0.0,0.3214,7.7863,5.443,0.0,22.852,0.3073,0.0519,0.1966,0.4131
iccad2,NNHSCAD23820_8,FP,NHS,HS,occlusion,10,5018,5018,5120,30,8,0.088,0,28,0.5476,0.3663,0.2503,1.559,0.0,0.0,0.0,0.0,0.477,0.3038,0.0712,0.168,0.4295,0.1613,0.0312,0.1072,0.2119,0.1009,0.0225,0.0594,0.1375,6.8997,1.2576,5.069,9.8,0.0,0.0,0.0,0.0,0.0,0.0,0.0,0.0,0.1095,0.0766,0.0,0.3214,7.7863,5.443,0.0,22.852,0.3073,0.0519,0.1966,0.4131
iccad2,NNHSCAD23820_8,FP,NHS,HS,gradcam,20,10035,10035,10240,30,8,0.088,0,28,0.4762,0.3172,0.2071,2.056,0.0,0.0,0.2555,9.268,0.4639,0.2748,0.0477,0.1485,0.357,0.1474,0.0255,0.1058,0.2139,0.0921,0.0168,0.06,0.1316,7.4774,0.9792,5.318,9.406,0.0,0.0,0.0,0.0,0.0,0.0,0.0,0.0,0.244,0.1048,0.0714,0.5,8.6752,3.7241,2.539,17.773,0.2821,0.0345,0.1987,0.3414
iccad2,NNHSCAD23820_8,FP,NHS,HS,gradcam_plus,20,10035,10035,10240,30,8,0.088,0,28,0.4297,0.2785,0.1689,3.584,0.0,0.0,0.489,17.738,0.3484,0.2748,0.0477,0.1485,0.357,0.1474,0.0255,0.1058,0.2139,0.0921,0.0168,0.06,0.1316,7.4774,0.9792,5.318,9.406,0.0,0.0,0.0,0.0,0.0,0.0,0.0,0.0,0.244,0.1048,0.0714,0.5,8.6752,3.7241,2.539,17.773,0.2821,0.0345,0.1987,0.3414
iccad2,NNHSCAD23820_8,FP,NHS,HS,layercam,20,10035,10035,10240,30,8,0.088,0,28,0.4463,0.3072,0.2,2.348,0.0,0.0,0.2418,8.769,0.4149,0.2748,0.0477,0.1485,0.357,0.1474,0.0255,0.1058,0.2139,0.0921,0.0168,0.06,0.1316,7.4774,0.9792,5.318,9.406,0.0,0.0,0.0,0.0,0.0,0.0,0.0,0.0,0.244,0.1048,0.0714,0.5,8.6752,3.7241,2.539,17.773,0.2821,0.0345,0.1987,0.3414
iccad2,NNHSCAD23820_8,FP,NHS,HS,occlusion,20,10035,10035,10240,30,8,0.088,0,28,0.5166,0.2711,0.1913,3.254,0.0,0.0,0.0,0.0,0.4554,0.2748,0.0477,0.1485,0.357,0.1474,0.0255,0.1058,0.2139,0.0921,0.0168,0.06,0.1316,7.4774,0.9792,5.318,9.406,0.0,0.0,0.0,0.0,0.0,0.0,0.0,0.0,0.244,0.1048,0.0714,0.5,8.6752,3.7241,2.539,17.773,0.2821,0.0345,0.1987,0.3414
iccad2,NNHSCAD23820_8,FP,NHS,HS,gradcam,30,15053,15053,15360,30,8,0.088,0,28,0.4098,0.3156,0.1807,2.441,0.0,0.0,0.4396,10.629,0.4425,0.2882,0.0362,0.2251,0.3564,0.1454,0.0125,0.1194,0.1847,0.0922,0.0081,0.0779,0.1173,7.3897,0.5314,6.067,8.341,0.0,0.0,0.0,0.0,0.0,0.0,0.0,0.0,0.3345,0.1418,0.1071,0.6071,7.9275,3.3606,2.539,14.388,0.2912,0.0272,0.2468,0.339
iccad2,NNHSCAD23820_8,FP,NHS,HS,gradcam_plus,30,15053,15053,15360,30,8,0.088,0,28,0.3682,0.2212,0.1495,5.242,0.0,0.0,0.5989,14.482,0.2978,0.2882,0.0362,0.2251,0.3564,0.1454,0.0125,0.1194,0.1847,0.0922,0.0081,0.0779,0.1173,7.3897,0.5314,6.067,8.341,0.0,0.0,0.0,0.0,0.0,0.0,0.0,0.0,0.3345,0.1418,0.1071,0.6071,7.9275,3.3606,2.539,14.388,0.2912,0.0272,0.2468,0.339
iccad2,NNHSCAD23820_8,FP,NHS,HS,layercam,30,15053,15053,15360,30,8,0.088,0,28,0.3939,0.2726,0.1717,3.082,0.0,0.0,0.4615,11.161,0.3786,0.2882,0.0362,0.2251,0.3564,0.1454,0.0125,0.1194,0.1847,0.0922,0.0081,0.0779,0.1173,7.3897,0.5314,6.067,8.341,0.0,0.0,0.0,0.0,0.0,0.0,0.0,0.0,0.3345,0.1418,0.1071,0.6071,7.9275,3.3606,2.539,14.388,0.2912,0.0272,0.2468,0.339
iccad2,NNHSCAD23820_8,FP,NHS,HS,occlusion,30,15053,15053,15360,30,8,0.088,0,28,0.5166,0.2229,0.1639,4.04,0.0,0.0,0.0577,1.395,0.4552,0.2882,0.0362,0.2251,0.3564,0.1454,0.0125,0.1194,0.1847,0.0922,0.0081,0.0779,0.1173,7.3897,0.5314,6.067,8.341,0.0,0.0,0.0,0.0,0.0,0.0,0.0,0.0,0.3345,0.1418,0.1071,0.6071,7.9275,3.3606,2.539,14.388,0.2912,0.0272,0.2468,0.339
iccad2,NNHSCAD22521_9,FP,NHS,HS,gradcam,10,5018,5018,5120,30,6,0.0842,0,24,0.4853,0.5036,0.2228,1.707,0.0,0.0,0.1314,8.171,0.4916,0.2842,0.107,0.0969,0.55,0.1892,0.0494,0.0945,0.301,0.0903,0.0321,0.0332,0.175,8.2144,2.5812,3.568,13.418,0.0,0.0,0.0,0.0,0.0,0.0,0.0,0.0,0.1125,0.0777,0.0,0.25,6.8553,4.7342,0.0,15.234,0.2832,0.0782,0.1394,0.4753
iccad2,NNHSCAD22521_9,FP,NHS,HS,gradcam_plus,10,5018,5018,5120,30,6,0.0842,0,24,0.5391,0.4582,0.1973,1.773,0.0,0.0,0.0962,5.978,0.4784,0.2842,0.107,0.0969,0.55,0.1892,0.0494,0.0945,0.301,0.0903,0.0321,0.0332,0.175,8.2144,2.5812,3.568,13.418,0.0,0.0,0.0,0.0,0.0,0.0,0.0,0.0,0.1125,0.0777,0.0,0.25,6.8553,4.7342,0.0,15.234,0.2832,0.0782,0.1394,0.4753
iccad2,NNHSCAD22521_9,FP,NHS,HS,layercam,10,5018,5018,5120,30,6,0.0842,0,24,0.5134,0.4669,0.2363,1.663,0.0,0.0,0.0545,3.388,0.4764,0.2842,0.107,0.0969,0.55,0.1892,0.0494,0.0945,0.301,0.0903,0.0321,0.0332,0.175,8.2144,2.5812,3.568,13.418,0.0,0.0,0.0,0.0,0.0,0.0,0.0,0.0,0.1125,0.0777,0.0,0.25,6.8553,4.7342,0.0,15.234,0.2832,0.0782,0.1394,0.4753
iccad2,NNHSCAD22521_9,FP,NHS,HS,occlusion,10,5018,5018,5120,30,6,0.0842,0,24,0.5448,0.4552,0.2491,1.562,0.0,0.0,0.0,0.0,0.4735,0.2842,0.107,0.0969,0.55,0.1892,0.0494,0.0945,0.301,0.0903,0.0321,0.0332,0.175,8.2144,2.5812,3.568,13.418,0.0,0.0,0.0,0.0,0.0,0.0,0.0,0.0,0.1125,0.0777,0.0,0.25,6.8553,4.7342,0.0,15.234,0.2832,0.0782,0.1394,0.4753
iccad2,NNHSCAD22521_9,FP,NHS,HS,gradcam,20,10035,10035,10240,30,6,0.0842,0,24,0.4161,0.4091,0.1906,2.552,0.0,0.0,0.3109,9.666,0.4168,0.2876,0.0552,0.1848,0.4077,0.1916,0.0246,0.1382,0.2356,0.0922,0.0151,0.0621,0.1146,8.2156,1.3559,5.873,10.865,0.0,0.0,0.0,0.0,0.0,0.0,0.0,0.0,0.2125,0.117,0.0,0.4167,6.4746,3.566,0.0,12.695,0.2862,0.045,0.2078,0.3835
iccad2,NNHSCAD22521_9,FP,NHS,HS,gradcam_plus,20,10035,10035,10240,30,6,0.0842,0,24,0.5436,0.4446,0.2539,1.587,0.0,0.0,0.4167,12.955,0.4355,0.2876,0.0552,0.1848,0.4077,0.1916,0.0246,0.1382,0.2356,0.0922,0.0151,0.0621,0.1146,8.2156,1.3559,5.873,10.865,0.0,0.0,0.0,0.0,0.0,0.0,0.0,0.0,0.2125,0.117,0.0,0.4167,6.4746,3.566,0.0,12.695,0.2862,0.045,0.2078,0.3835
iccad2,NNHSCAD22521_9,FP,NHS,HS,layercam,20,10035,10035,10240,30,6,0.0842,0,24,0.4369,0.4186,0.2021,2.363,0.0,0.0,0.2019,6.278,0.4108,0.2876,0.0552,0.1848,0.4077,0.1916,0.0246,0.1382,0.2356,0.0922,0.0151,0.0621,0.1146,8.2156,1.3559,5.873,10.865,0.0,0.0,0.0,0.0,0.0,0.0,0.0,0.0,0.2125,0.117,0.0,0.4167,6.4746,3.566,0.0,12.695,0.2862,0.045,0.2078,0.3835
iccad2,NNHSCAD22521_9,FP,NHS,HS,occlusion,20,10035,10035,10240,30,6,0.0842,0,24,0.5105,0.3608,0.2015,2.947,0.0,0.0,0.0897,2.79,0.4427,0.2876,0.0552,0.1848,0.4077,0.1916,0.0246,0.1382,0.2356,0.0922,0.0151,0.0621,0.1146,8.2156,1.3559,5.873,10.865,0.0,0.0,0.0,0.0,0.0,0.0,0.0,0.0,0.2125,0.117,0.0,0.4167,6.4746,3.566,0.0,12.695,0.2862,0.045,0.2078,0.3835
iccad2,NNHSCAD22521_9,FP,NHS,HS,gradcam,30,15053,15053,15360,30,6,0.0842,0,24,0.3774,0.4033,0.1726,2.784,0.0,0.0,0.4103,8.503,0.4118,0.2756,0.0417,0.1954,0.3848,0.1809,0.0299,0.1085,0.2369,0.0871,0.0171,0.0479,0.1194,8.6959,1.2136,5.636,11.412,0.0,0.0,0.0,0.0,0.0,0.0,0.0,0.0,0.293,0.1302,0.0833,0.5,5.9527,2.6448,1.693,10.156,0.2765,0.0325,0.213,0.3583
iccad2,NNHSCAD22521_9,FP,NHS,HS,gradcam_plus,30,15053,15053,15360,30,6,0.0842,0,24,0.3781,0.3801,0.1822,3.111,0.0,0.0,0.6987,14.482,0.355,0.2756,0.0417,0.1954,0.3848,0.1809,0.0299,0.1085,0.2369,0.0871,0.0171,0.0479,0.1194,8.6959,1.2136,5.636,11.412,0.0,0.0,0.0,0.0,0.0,0.0,0.0,0.0,0.293,0.1302,0.0833,0.5,5.9527,2.6448,1.693,10.156,0.2765,0.0325,0.213,0.3583
iccad2,NNHSCAD22521_9,FP,NHS,HS,layercam,30,15053,15053,15360,30,6,0.0842,0,24,0.3805,0.3541,0.1715,3.44,0.0,0.0,0.4712,9.765,0.3669,0.2756,0.0417,0.1954,0.3848,0.1809,0.0299,0.1085,0.2369,0.0871,0.0171,0.0479,0.1194,8.6959,1.2136,5.636,11.412,0.0,0.0,0.0,0.0,0.0,0.0,0.0,0.0,0.293,0.1302,0.0833,0.5,5.9527,2.6448,1.693,10.156,0.2765,0.0325,0.213,0.3583
iccad2,NNHSCAD22521_9,FP,NHS,HS,occlusion,30,15053,15053,15360,30,6,0.0842,0,24,0.4973,0.3105,0.1727,3.586,0.0,0.0,0.2051,4.252,0.439,0.2756,0.0417,0.1954,0.3848,0.1809,0.0299,0.1085,0.2369,0.0871,0.0171,0.0479,0.1194,8.6959,1.2136,5.636,11.412,0.0,0.0,0.0,0.0,0.0,0.0,0.0,0.0,0.293,0.1302,0.0833,0.5,5.9527,2.6448,1.693,10.156,0.2765,0.0325,0.213,0.3583
iccad2,NNHSCAD24052_9,FP,NHS,HS,gradcam,10,5018,5018,5120,30,6,0.088,0,24,0.4825,0.377,0.2266,1.761,0.0,0.0,0.1314,8.171,0.4838,0.283,0.096,0.0688,0.4529,0.1369,0.0444,0.0723,0.2334,0.0851,0.0331,0.0195,0.1482,8.4629,2.3602,5.038,13.867,0.0,0.0,0.0,0.0,0.0,0.0,0.0,0.0,0.0958,0.0939,0.0,0.4167,5.8397,5.7209,0.0,25.391,0.2865,0.0703,0.1369,0.3977
iccad2,NNHSCAD24052_9,FP,NHS,HS,gradcam_plus,10,5018,5018,5120,30,6,0.088,0,24,0.5397,0.3507,0.2758,1.495,0.0,0.0,0.1891,11.758,0.4212,0.283,0.096,0.0688,0.4529,0.1369,0.0444,0.0723,0.2334,0.0851,0.0331,0.0195,0.1482,8.4629,2.3602,5.038,13.867,0.0,0.0,0.0,0.0,0.0,0.0,0.0,0.0,0.0958,0.0939,0.0,0.4167,5.8397,5.7209,0.0,25.391,0.2865,0.0703,0.1369,0.3977
iccad2,NNHSCAD24052_9,FP,NHS,HS,layercam,10,5018,5018,5120,30,6,0.088,0,24,0.5116,0.3278,0.2272,1.845,0.0,0.0,0.016,0.996,0.4583,0.283,0.096,0.0688,0.4529,0.1369,0.0444,0.0723,0.2334,0.0851,0.0331,0.0195,0.1482,8.4629,2.3602,5.038,13.867,0.0,0.0,0.0,0.0,0.0,0.0,0.0,0.0,0.0958,0.0939,0.0,0.4167,5.8397,5.7209,0.0,25.391,0.2865,0.0703,0.1369,0.3977
iccad2,NNHSCAD24052_9,FP,NHS,HS,occlusion,10,5018,5018,5120,30,6,0.088,0,24,0.5418,0.3697,0.2485,1.557,0.0,0.0,0.0833,5.181,0.4682,0.283,0.096,0.0688,0.4529,0.1369,0.0444,0.0723,0.2334,0.0851,0.0331,0.0195,0.1482,8.4629,2.3602,5.038,13.867,0.0,0.0,0.0,0.0,0.0,0.0,0.0,0.0,0.0958,0.0939,0.0,0.4167,5.8397,5.7209,0.0,25.391,0.2865,0.0703,0.1369,0.3977
iccad2,NNHSCAD24052_9,FP,NHS,HS,gradcam,20,10035,10035,10240,30,6,0.088,0,24,0.4489,0.3048,0.1963,2.249,0.0,0.0,0.3237,10.065,0.4261,0.3058,0.0565,0.2154,0.4081,0.1409,0.0263,0.093,0.1992,0.0899,0.0176,0.0611,0.1239,8.1253,1.0543,6.258,10.155,0.0,0.0,0.0,0.0,0.0,0.0,0.0,0.0,0.2028,0.1147,0.0,0.5,6.1785,3.4956,0.0,15.234,0.3005,0.0402,0.225,0.3737
iccad2,NNHSCAD24052_9,FP,NHS,HS,gradcam_plus,20,10035,10035,10240,30,6,0.088,0,24,0.4198,0.2751,0.1568,3.997,0.0,0.0,0.391,12.157,0.348,0.3058,0.0565,0.2154,0.4081,0.1409,0.0263,0.093,0.1992,0.0899,0.0176,0.0611,0.1239,8.1253,1.0543,6.258,10.155,0.0,0.0,0.0,0.0,0.0,0.0,0.0,0.0,0.2028,0.1147,0.0,0.5,6.1785,3.4956,0.0,15.234,0.3005,0.0402,0.225,0.3737
iccad2,NNHSCAD24052_9,FP,NHS,HS,layercam,20,10035,10035,10240,30,6,0.088,0,24,0.4421,0.2943,0.1955,2.568,0.0,0.0,0.1474,4.584,0.4095,0.3058,0.0565,0.2154,0.4081,0.1409,0.0263,0.093,0.1992,0.0899,0.0176,0.0611,0.1239,8.1253,1.0543,6.258,10.155,0.0,0.0,0.0,0.0,0.0,0.0,0.0,0.0,0.2028,0.1147,0.0,0.5,6.1785,3.4956,0.0,15.234,0.3005,0.0402,0.225,0.3737
iccad2,NNHSCAD24052_9,FP,NHS,HS,occlusion,20,10035,10035,10240,30,6,0.088,0,24,0.5136,0.272,0.1918,3.149,0.0,0.0,0.1603,4.983,0.4469,0.3058,0.0565,0.2154,0.4081,0.1409,0.0263,0.093,0.1992,0.0899,0.0176,0.0611,0.1239,8.1253,1.0543,6.258,10.155,0.0,0.0,0.0,0.0,0.0,0.0,0.0,0.0,0.2028,0.1147,0.0,0.5,6.1785,3.4956,0.0,15.234,0.3005,0.0402,0.225,0.3737
iccad2,NNHSCAD24052_9,FP,NHS,HS,gradcam,30,15053,15053,15360,30,6,0.088,0,24,0.4153,0.3023,0.1942,2.477,0.0,0.0,0.4359,9.035,0.428,0.2948,0.049,0.2051,0.3991,0.145,0.0175,0.1122,0.1954,0.0922,0.0136,0.0641,0.1222,7.9211,0.8725,6.311,10.173,0.0,0.0,0.0,0.0,0.0,0.0,0.0,0.0,0.2944,0.1054,0.0833,0.5,5.9808,2.1404,1.693,10.156,0.2955,0.034,0.2271,0.3564
iccad2,NNHSCAD24052_9,FP,NHS,HS,gradcam_plus,30,15053,15053,15360,30,6,0.088,0,24,0.3138,0.1958,0.1213,6.8,0.0,0.0,0.4808,9.965,0.2733,0.2948,0.049,0.2051,0.3991,0.145,0.0175,0.1122,0.1954,0.0922,0.0136,0.0641,0.1222,7.9211,0.8725,6.311,10.173,0.0,0.0,0.0,0.0,0.0,0.0,0.0,0.0,0.2944,0.1054,0.0833,0.5,5.9808,2.1404,1.693,10.156,0.2955,0.034,0.2271,0.3564
iccad2,NNHSCAD24052_9,FP,NHS,HS,layercam,30,15053,15053,15360,30,6,0.088,0,24,0.3892,0.2588,0.1623,3.437,0.0,0.0,0.3173,6.577,0.3783,0.2948,0.049,0.2051,0.3991,0.145,0.0175,0.1122,0.1954,0.0922,0.0136,0.0641,0.1222,7.9211,0.8725,6.311,10.173,0.0,0.0,0.0,0.0,0.0,0.0,0.0,0.0,0.2944,0.1054,0.0833,0.5,5.9808,2.1404,1.693,10.156,0.2955,0.034,0.2271,0.3564
iccad2,NNHSCAD24052_9,FP,NHS,HS,occlusion,30,15053,15053,15360,30,6,0.088,0,24,0.4943,0.2243,0.1588,4.079,0.0,0.0,0.2788,5.78,0.4368,0.2948,0.049,0.2051,0.3991,0.145,0.0175,0.1122,0.1954,0.0922,0.0136,0.0641,0.1222,7.9211,0.8725,6.311,10.173,0.0,0.0,0.0,0.0,0.0,0.0,0.0,0.0,0.2944,0.1054,0.0833,0.5,5.9808,2.1404,1.693,10.156,0.2955,0.034,0.2271,0.3564
iccad2,HSCAD2494,FN,HS,NHS,gradcam,10,5018,5018,5120,30,5,0.0732,0,22,0.0,0.0,0.0,56.451,0.0,0.0,0.0,0.0,0.0,0.1706,0.0843,0.0,0.3426,0.1996,0.0994,0.0031,0.4361,0.0554,0.0287,0.0,0.1129,27.6789,13.342,5.611,64.825,0.0,0.0,0.0,0.0,0.0,0.0,0.0,0.0,0.0937,0.1005,0.0,0.486,5.2343,5.6114,0.0,27.148,0.1667,0.076,0.0036,0.3205
iccad2,HSCAD2494,FN,HS,NHS,gradcam_plus,10,5018,5018,5120,30,5,0.0732,0,22,0.4189,0.5652,0.2104,2.239,0.0,0.0,0.4685,26.704,0.318,0.1706,0.0843,0.0,0.3426,0.1996,0.0994,0.0031,0.4361,0.0554,0.0287,0.0,0.1129,27.6789,13.342,5.611,64.825,0.0,0.0,0.0,0.0,0.0,0.0,0.0,0.0,0.0937,0.1005,0.0,0.486,5.2343,5.6114,0.0,27.148,0.1667,0.076,0.0036,0.3205
iccad2,HSCAD2494,FN,HS,NHS,layercam,10,5018,5018,5120,30,5,0.0732,0,22,0.2336,0.4348,0.1126,12.837,0.0,0.0,0.5035,28.697,0.2223,0.1706,0.0843,0.0,0.3426,0.1996,0.0994,0.0031,0.4361,0.0554,0.0287,0.0,0.1129,27.6789,13.342,5.611,64.825,0.0,0.0,0.0,0.0,0.0,0.0,0.0,0.0,0.0937,0.1005,0.0,0.486,5.2343,5.6114,0.0,27.148,0.1667,0.076,0.0036,0.3205
iccad2,HSCAD2494,FN,HS,NHS,occlusion,10,5018,5018,5120,30,5,0.0732,0,22,0.491,0.2933,0.0893,5.925,0.0,0.0,0.0,0.0,0.4506,0.1706,0.0843,0.0,0.3426,0.1996,0.0994,0.0031,0.4361,0.0554,0.0287,0.0,0.1129,27.6789,13.342,5.611,64.825,0.0,0.0,0.0,0.0,0.0,0.0,0.0,0.0,0.0937,0.1005,0.0,0.486,5.2343,5.6114,0.0,27.148,0.1667,0.076,0.0036,0.3205
iccad2,HSCAD2494,FN,HS,NHS,gradcam,20,10035,10035,10240,30,5,0.0732,0,22,0.0,0.0,0.0,53.213,0.0,0.0,0.0,0.0,0.0,0.1397,0.0464,0.0281,0.225,0.1829,0.0551,0.0585,0.2715,0.0493,0.0147,0.0156,0.0791,30.4904,9.3065,14.251,52.614,0.0,0.0,0.0,0.0,0.0,0.0,0.0,0.0,0.192,0.1076,0.0,0.4126,5.3613,3.0057,0.0,11.523,0.1426,0.0414,0.0438,0.2044
iccad2,HSCAD2494,FN,HS,NHS,gradcam_plus,20,10035,10035,10240,30,5,0.0732,0,22,0.4336,0.4537,0.1775,3.616,0.0,0.0,0.8776,25.012,0.3187,0.1397,0.0464,0.0281,0.225,0.1829,0.0551,0.0585,0.2715,0.0493,0.0147,0.0156,0.0791,30.4904,9.3065,14.251,52.614,0.0,0.0,0.0,0.0,0.0,0.0,0.0,0.0,0.192,0.1076,0.0,0.4126,5.3613,3.0057,0.0,11.523,0.1426,0.0414,0.0438,0.2044
iccad2,HSCAD2494,FN,HS,NHS,layercam,20,10035,10035,10240,30,5,0.0732,0,22,0.1782,0.3378,0.0843,19.39,0.0,0.0,0.6364,18.137,0.1799,0.1397,0.0464,0.0281,0.225,0.1829,0.0551,0.0585,0.2715,0.0493,0.0147,0.0156,0.0791,30.4904,9.3065,14.251,52.614,0.0,0.0,0.0,0.0,0.0,0.0,0.0,0.0,0.192,0.1076,0.0,0.4126,5.3613,3.0057,0.0,11.523,0.1426,0.0414,0.0438,0.2044
iccad2,HSCAD2494,FN,HS,NHS,occlusion,20,10035,10035,10240,30,5,0.0732,0,22,0.3502,0.3002,0.08,7.111,0.0,0.0,0.2483,7.075,0.3306,0.1397,0.0464,0.0281,0.225,0.1829,0.0551,0.0585,0.2715,0.0493,0.0147,0.0156,0.0791,30.4904,9.3065,14.251,52.614,0.0,0.0,0.0,0.0,0.0,0.0,0.0,0.0,0.192,0.1076,0.0,0.4126,5.3613,3.0057,0.0,11.523,0.1426,0.0414,0.0438,0.2044
iccad2,HSCAD2494,FN,HS,NHS,gradcam,30,15053,15053,15360,30,5,0.0732,0,22,0.0,0.0,0.0,50.238,0.0,0.0,0.0,0.0,0.0,0.1393,0.0414,0.0604,0.2155,0.1805,0.0375,0.1173,0.2588,0.0475,0.0115,0.0267,0.0753,31.1653,6.1052,21.127,40.155,0.0,0.0,0.0,0.0,0.0,0.0,0.0,0.0,0.3072,0.1349,0.0769,0.5455,5.7205,2.5116,1.432,10.156,0.1401,0.0356,0.0725,0.206
iccad2,HSCAD2494,FN,HS,NHS,gradcam_plus,30,15053,15053,15360,30,5,0.0732,0,22,0.3331,0.3402,0.1299,16.323,0.0,0.0,0.9301,17.671,0.2514,0.1393,0.0414,0.0604,0.2155,0.1805,0.0375,0.1173,0.2588,0.0475,0.0115,0.0267,0.0753,31.1653,6.1052,21.127,40.155,0.0,0.0,0.0,0.0,0.0,0.0,0.0,0.0,0.3072,0.1349,0.0769,0.5455,5.7205,2.5116,1.432,10.156,0.1401,0.0356,0.0725,0.206
iccad2,HSCAD2494,FN,HS,NHS,layercam,30,15053,15053,15360,30,5,0.0732,0,22,0.1543,0.2819,0.0728,23.682,0.0,0.0,0.6853,13.021,0.1584,0.1393,0.0414,0.0604,0.2155,0.1805,0.0375,0.1173,0.2588,0.0475,0.0115,0.0267,0.0753,31.1653,6.1052,21.127,40.155,0.0,0.0,0.0,0.0,0.0,0.0,0.0,0.0,0.3072,0.1349,0.0769,0.5455,5.7205,2.5116,1.432,10.156,0.1401,0.0356,0.0725,0.206
iccad2,HSCAD2494,FN,HS,NHS,occlusion,30,15053,15053,15360,30,5,0.0732,0,22,0.2833,0.2804,0.0708,8.29,0.0,0.0,0.3601,6.842,0.2812,0.1393,0.0414,0.0604,0.2155,0.1805,0.0375,0.1173,0.2588,0.0475,0.0115,0.0267,0.0753,31.1653,6.1052,21.127,40.155,0.0,0.0,0.0,0.0,0.0,0.0,0.0,0.0,0.3072,0.1349,0.0769,0.5455,5.7205,2.5116,1.432,10.156,0.1401,0.0356,0.0725,0.206
iccad2,HSCAD2493,FN,HS,NHS,gradcam,10,5018,5018,5120,30,6,0.0273,0,24,0.0,0.0,0.0,58.962,0.0,0.0,0.0,0.0,0.0,0.0804,0.0721,0.0029,0.2551,0.1937,0.1018,0.0314,0.4205,0.022,0.0159,0.0027,0.0619,33.4052,11.9852,12.022,57.263,0.0,0.0,0.0,0.0,0.0,0.0,0.0,0.0,0.1125,0.0847,0.0,0.2917,6.8554,5.1622,0.0,17.773,0.077,0.0634,0.0054,0.2371
iccad2,HSCAD2493,FN,HS,NHS,gradcam_plus,10,5018,5018,5120,30,6,0.0273,0,24,0.3208,0.6475,0.0807,2.637,0.0,0.0,0.3782,23.515,0.2471,0.0804,0.0721,0.0029,0.2551,0.1937,0.1018,0.0314,0.4205,0.022,0.0159,0.0027,0.0619,33.4052,11.9852,12.022,57.263,0.0,0.0,0.0,0.0,0.0,0.0,0.0,0.0,0.1125,0.0847,0.0,0.2917,6.8554,5.1622,0.0,17.773,0.077,0.0634,0.0054,0.2371
iccad2,HSCAD2493,FN,HS,NHS,layercam,10,5018,5018,5120,30,6,0.0273,0,24,0.2451,0.4444,0.068,15.67,0.0,0.0,0.2885,17.935,0.1532,0.0804,0.0721,0.0029,0.2551,0.1937,0.1018,0.0314,0.4205,0.022,0.0159,0.0027,0.0619,33.4052,11.9852,12.022,57.263,0.0,0.0,0.0,0.0,0.0,0.0,0.0,0.0,0.1125,0.0847,0.0,0.2917,6.8554,5.1622,0.0,17.773,0.077,0.0634,0.0054,0.2371
iccad2,HSCAD2493,FN,HS,NHS,occlusion,10,5018,5018,5120,30,6,0.0273,0,24,0.2244,0.3894,0.0446,7.157,0.0,0.0,0.1891,11.758,0.2037,0.0804,0.0721,0.0029,0.2551,0.1937,0.1018,0.0314,0.4205,0.022,0.0159,0.0027,0.0619,33.4052,11.9852,12.022,57.263,0.0,0.0,0.0,0.0,0.0,0.0,0.0,0.0,0.1125,0.0847,0.0,0.2917,6.8554,5.1622,0.0,17.773,0.077,0.0634,0.0054,0.2371
iccad2,HSCAD2493,FN,HS,NHS,gradcam,20,10035,10035,10240,30,6,0.0273,0,24,0.0,0.0,0.0,54.706,0.0,0.0,0.0,0.0,0.0,0.0693,0.0372,0.0055,0.1445,0.1818,0.0759,0.0165,0.3288,0.0197,0.0093,0.0014,0.0403,34.3252,8.756,19.023,55.869,0.0,0.0,0.0,0.0,0.0,0.0,0.0,0.0,0.2011,0.1167,0.0032,0.4391,6.1264,3.5563,0.098,13.379,0.0705,0.034,0.0087,0.1444
iccad2,HSCAD2493,FN,HS,NHS,gradcam_plus,20,10035,10035,10240,30,6,0.0273,0,24,0.3181,0.5782,0.0843,3.338,0.0,0.0,0.6987,21.724,0.2388,0.0693,0.0372,0.0055,0.1445,0.1818,0.0759,0.0165,0.3288,0.0197,0.0093,0.0014,0.0403,34.3252,8.756,19.023,55.869,0.0,0.0,0.0,0.0,0.0,0.0,0.0,0.0,0.2011,0.1167,0.0032,0.4391,6.1264,3.5563,0.098,13.379,0.0705,0.034,0.0087,0.1444
iccad2,HSCAD2493,FN,HS,NHS,layercam,20,10035,10035,10240,30,6,0.0273,0,24,0.1756,0.3672,0.051,20.404,0.0,0.0,0.4423,13.752,0.1192,0.0693,0.0372,0.0055,0.1445,0.1818,0.0759,0.0165,0.3288,0.0197,0.0093,0.0014,0.0403,34.3252,8.756,19.023,55.869,0.0,0.0,0.0,0.0,0.0,0.0,0.0,0.0,0.2011,0.1167,0.0032,0.4391,6.1264,3.5563,0.098,13.379,0.0705,0.034,0.0087,0.1444
iccad2,HSCAD2493,FN,HS,NHS,occlusion,20,10035,10035,10240,30,6,0.0273,0,24,0.1725,0.3338,0.0387,8.939,0.0,0.0,0.3013,9.367,0.1596,0.0693,0.0372,0.0055,0.1445,0.1818,0.0759,0.0165,0.3288,0.0197,0.0093,0.0014,0.0403,34.3252,8.756,19.023,55.869,0.0,0.0,0.0,0.0,0.0,0.0,0.0,0.0,0.2011,0.1167,0.0032,0.4391,6.1264,3.5563,0.098,13.379,0.0705,0.034,0.0087,0.1444
iccad2,HSCAD2493,FN,HS,NHS,gradcam,30,15053,15053,15360,30,6,0.0273,0,24,0.0,0.0,0.0,56.291,0.0,0.0,0.0,0.0,0.0,0.0828,0.0339,0.0234,0.1428,0.203,0.0529,0.1178,0.3174,0.0228,0.0077,0.0107,0.0392,32.3081,7.8415,17.464,49.513,0.0,0.0,0.0,0.0,0.0,0.0,0.0,0.0,0.2996,0.1187,0.0032,0.5128,6.0851,2.4109,0.065,10.417,0.0809,0.03,0.0311,0.1422
iccad2,HSCAD2493,FN,HS,NHS,gradcam_plus,30,15053,15053,15360,30,6,0.0273,0,24,0.2453,0.4573,0.0687,11.905,0.0,0.0,0.8718,18.069,0.1907,0.0828,0.0339,0.0234,0.1428,0.203,0.0529,0.1178,0.3174,0.0228,0.0077,0.0107,0.0392,32.3081,7.8415,17.464,49.513,0.0,0.0,0.0,0.0,0.0,0.0,0.0,0.0,0.2996,0.1187,0.0032,0.5128,6.0851,2.4109,0.065,10.417,0.0809,0.03,0.0311,0.1422
iccad2,HSCAD2493,FN,HS,NHS,layercam,30,15053,15053,15360,30,6,0.0273,0,24,0.1339,0.3161,0.039,24.198,0.0,0.0,0.5321,11.028,0.1004,0.0828,0.0339,0.0234,0.1428,0.203,0.0529,0.1178,0.3174,0.0228,0.0077,0.0107,0.0392,32.3081,7.8415,17.464,49.513,0.0,0.0,0.0,0.0,0.0,0.0,0.0,0.0,0.2996,0.1187,0.0032,0.5128,6.0851,2.4109,0.065,10.417,0.0809,0.03,0.0311,0.1422
iccad2,HSCAD2493,FN,HS,NHS,occlusion,30,15053,15053,15360,30,6,0.0273,0,24,0.1317,0.2864,0.0319,11.369,0.0,0.0,0.3718,7.706,0.1245,0.0828,0.0339,0.0234,0.1428,0.203,0.0529,0.1178,0.3174,0.0228,0.0077,0.0107,0.0392,32.3081,7.8415,17.464,49.513,0.0,0.0,0.0,0.0,0.0,0.0,0.0,0.0,0.2996,0.1187,0.0032,0.5128,6.0851,2.4109,0.065,10.417,0.0809,0.03,0.0311,0.1422
iccad2,HSCAD2358,FN,HS,NHS,gradcam,10,5018,5018,5120,30,11,0.0879,0,43,0.0032,0.0104,0.0032,28.03,0.0,0.0,0.0,0.0,0.0045,0.2116,0.0959,0.0479,0.4437,0.1369,0.0478,0.049,0.2324,0.0833,0.0332,0.0234,0.1521,9.7548,3.4428,4.647,21.421,0.0,0.0,0.0,0.0,0.0,0.0,0.0,0.0,0.1059,0.0486,0.0,0.2701,11.5625,5.3031,0.0,29.492,0.219,0.0842,0.0855,0.4171
iccad2,HSCAD2358,FN,HS,NHS,gradcam_plus,10,5018,5018,5120,30,11,0.0879,0,43,0.1172,0.1487,0.0747,12.491,0.0,0.0,0.1091,12.156,0.1018,0.2116,0.0959,0.0479,0.4437,0.1369,0.0478,0.049,0.2324,0.0833,0.0332,0.0234,0.1521,9.7548,3.4428,4.647,21.421,0.0,0.0,0.0,0.0,0.0,0.0,0.0,0.0,0.1059,0.0486,0.0,0.2701,11.5625,5.3031,0.0,29.492,0.219,0.0842,0.0855,0.4171
iccad2,HSCAD2358,FN,HS,NHS,layercam,10,5018,5018,5120,30,11,0.0879,0,43,0.2925,0.2489,0.1473,3.432,0.0,0.0,0.1592,17.736,0.2515,0.2116,0.0959,0.0479,0.4437,0.1369,0.0478,0.049,0.2324,0.0833,0.0332,0.0234,0.1521,9.7548,3.4428,4.647,21.421,0.0,0.0,0.0,0.0,0.0,0.0,0.0,0.0,0.1059,0.0486,0.0,0.2701,11.5625,5.3031,0.0,29.492,0.219,0.0842,0.0855,0.4171
iccad2,HSCAD2358,FN,HS,NHS,occlusion,10,5018,5018,5120,30,11,0.0879,0,43,0.2009,0.1574,0.1016,7.108,0.0,0.0,0.2308,25.707,0.157,0.2116,0.0959,0.0479,0.4437,0.1369,0.0478,0.049,0.2324,0.0833,0.0332,0.0234,0.1521,9.7548,3.4428,4.647,21.421,0.0,0.0,0.0,0.0,0.0,0.0,0.0,0.0,0.1059,0.0486,0.0,0.2701,11.5625,5.3031,0.0,29.492,0.219,0.0842,0.0855,0.4171
iccad2,HSCAD2358,FN,HS,NHS,gradcam,20,10035,10035,10240,30,11,0.0879,0,43,0.0155,0.0341,0.0103,23.226,0.0,0.0,0.0197,1.096,0.0303,0.2294,0.0607,0.1247,0.3275,0.1439,0.0341,0.0921,0.2062,0.0897,0.0234,0.052,0.1477,9.8439,2.5069,5.462,14.546,0.0,0.0,0.0,0.0,0.0,0.0,0.0,0.0,0.2246,0.06,0.093,0.3703,12.259,3.2726,5.078,20.215,0.2317,0.0526,0.1315,0.3207
iccad2,HSCAD2358,FN,HS,NHS,gradcam_plus,20,10035,10035,10240,30,11,0.0879,0,43,0.0888,0.1097,0.0463,16.777,0.0,0.0,0.1377,7.673,0.0857,0.2294,0.0607,0.1247,0.3275,0.1439,0.0341,0.0921,0.2062,0.0897,0.0234,0.052,0.1477,9.8439,2.5069,5.462,14.546,0.0,0.0,0.0,0.0,0.0,0.0,0.0,0.0,0.2246,0.06,0.093,0.3703,12.259,3.2726,5.078,20.215,0.2317,0.0526,0.1315,0.3207
iccad2,HSCAD2358,FN,HS,NHS,layercam,20,10035,10035,10240,30,11,0.0879,0,43,0.282,0.2303,0.1443,4.1,0.0,0.0,0.3506,19.532,0.2562,0.2294,0.0607,0.1247,0.3275,0.1439,0.0341,0.0921,0.2062,0.0897,0.0234,0.052,0.1477,9.8439,2.5069,5.462,14.546,0.0,0.0,0.0,0.0,0.0,0.0,0.0,0.0,0.2246,0.06,0.093,0.3703,12.259,3.2726,5.078,20.215,0.2317,0.0526,0.1315,0.3207
iccad2,HSCAD2358,FN,HS,NHS,occlusion,20,10035,10035,10240,30,11,0.0879,0,43,0.1258,0.1294,0.064,8.324,0.0,0.0,0.2773,15.446,0.1445,0.2294,0.0607,0.1247,0.3275,0.1439,0.0341,0.0921,0.2062,0.0897,0.0234,0.052,0.1477,9.8439,2.5069,5.462,14.546,0.0,0.0,0.0,0.0,0.0,0.0,0.0,0.0,0.2246,0.06,0.093,0.3703,12.259,3.2726,5.078,20.215,0.2317,0.0526,0.1315,0.3207
iccad2,HSCAD2358,FN,HS,NHS,gradcam,30,15053,15053,15360,30,11,0.0879,0,43,0.0624,0.0686,0.0367,18.498,0.0,0.0,0.0823,3.056,0.0648,0.2525,0.0396,0.1652,0.3584,0.1542,0.0228,0.108,0.2251,0.0978,0.0165,0.0663,0.1496,8.9085,1.8157,4.348,12.075,0.0,0.0,0.0,0.0,0.0,0.0,0.0,0.0,0.2954,0.1016,0.1234,0.5349,10.7488,3.6977,4.492,19.466,0.2541,0.0348,0.1708,0.3346
iccad2,HSCAD2358,FN,HS,NHS,gradcam_plus,30,15053,15053,15360,30,11,0.0879,0,43,0.0892,0.0987,0.0452,16.71,0.0,0.0,0.2093,7.773,0.0874,0.2525,0.0396,0.1652,0.3584,0.1542,0.0228,0.108,0.2251,0.0978,0.0165,0.0663,0.1496,8.9085,1.8157,4.348,12.075,0.0,0.0,0.0,0.0,0.0,0.0,0.0,0.0,0.2954,0.1016,0.1234,0.5349,10.7488,3.6977,4.492,19.466,0.2541,0.0348,0.1708,0.3346
iccad2,HSCAD2358,FN,HS,NHS,layercam,30,15053,15053,15360,30,11,0.0879,0,43,0.2667,0.212,0.1294,5.182,0.0,0.0,0.4884,18.136,0.2523,0.2525,0.0396,0.1652,0.3584,0.1542,0.0228,0.108,0.2251,0.0978,0.0165,0.0663,0.1496,8.9085,1.8157,4.348,12.075,0.0,0.0,0.0,0.0,0.0,0.0,0.0,0.0,0.2954,0.1016,0.1234,0.5349,10.7488,3.6977,4.492,19.466,0.2541,0.0348,0.1708,0.3346
iccad2,HSCAD2358,FN,HS,NHS,occlusion,30,15053,15053,15360,30,11,0.0879,0,43,0.0838,0.0882,0.0426,13.852,0.0,0.0,0.2791,10.363,0.0998,0.2525,0.0396,0.1652,0.3584,0.1542,0.0228,0.108,0.2251,0.0978,0.0165,0.0663,0.1496,8.9085,1.8157,4.348,12.075,0.0,0.0,0.0,0.0,0.0,0.0,0.0,0.0,0.2954,0.1016,0.1234,0.5349,10.7488,3.6977,4.492,19.466,0.2541,0.0348,0.1708,0.3346
iccad3,HSCAD31047,TP,HS,HS,gradcam,10,5018,5018,5120,30,12,0.0344,0,49,0.6319,0.2585,0.1134,1.857,0.0,0.0,0.2622,33.28,0.4482,0.2619,0.0596,0.1619,0.4437,0.2033,0.0384,0.1371,0.3,0.0635,0.0128,0.0396,0.1,7.0109,3.0578,2.947,15.844,0.0,0.0,0.0,0.0,0.0,0.0,0.0,0.0,0.0862,0.0656,0.0,0.2433,10.7291,8.159,0.0,30.273,0.2674,0.0621,0.1588,0.4392
iccad3,HSCAD31047,TP,HS,HS,gradcam_plus,10,5018,5018,5120,30,12,0.0344,0,49,0.5803,0.347,0.1114,1.577,0.0,0.0,0.0612,7.772,0.4676,0.2619,0.0596,0.1619,0.4437,0.2033,0.0384,0.1371,0.3,0.0635,0.0128,0.0396,0.1,7.0109,3.0578,2.947,15.844,0.0,0.0,0.0,0.0,0.0,0.0,0.0,0.0,0.0862,0.0656,0.0,0.2433,10.7291,8.159,0.0,30.273,0.2674,0.0621,0.1588,0.4392
iccad3,HSCAD31047,TP,HS,HS,layercam,10,5018,5018,5120,30,12,0.0344,0,49,0.503,0.3254,0.113,1.892,0.0,0.0,0.0518,6.576,0.4448,0.2619,0.0596,0.1619,0.4437,0.2033,0.0384,0.1371,0.3,0.0635,0.0128,0.0396,0.1,7.0109,3.0578,2.947,15.844,0.0,0.0,0.0,0.0,0.0,0.0,0.0,0.0,0.0862,0.0656,0.0,0.2433,10.7291,8.159,0.0,30.273,0.2674,0.0621,0.1588,0.4392
iccad3,HSCAD31047,TP,HS,HS,occlusion,10,5018,5018,5120,30,12,0.0344,0,49,0.5526,0.3629,0.1248,1.566,0.0,0.0,0.0,0.0,0.4865,0.2619,0.0596,0.1619,0.4437,0.2033,0.0384,0.1371,0.3,0.0635,0.0128,0.0396,0.1,7.0109,3.0578,2.947,15.844,0.0,0.0,0.0,0.0,0.0,0.0,0.0,0.0,0.0862,0.0656,0.0,0.2433,10.7291,8.159,0.0,30.273,0.2674,0.0621,0.1588,0.4392
iccad3,HSCAD31047,TP,HS,HS,gradcam,20,10035,10035,10240,30,12,0.0344,0,49,0.4958,0.3563,0.122,1.713,0.0,0.0,0.3485,22.123,0.4591,0.26,0.0425,0.173,0.3348,0.1966,0.0286,0.136,0.2571,0.0625,0.0095,0.0421,0.0791,7.3493,2.116,4.055,12.246,0.0,0.0,0.0,0.0,0.0,0.0,0.0,0.0,0.1796,0.0813,0.0283,0.3203,11.1718,5.0596,1.758,19.922,0.2616,0.0402,0.1832,0.3585
iccad3,HSCAD31047,TP,HS,HS,gradcam_plus,20,10035,10035,10240,30,12,0.0344,0,49,0.5223,0.313,0.104,1.789,0.0,0.0,0.1962,12.456,0.4587,0.26,0.0425,0.173,0.3348,0.1966,0.0286,0.136,0.2571,0.0625,0.0095,0.0421,0.0791,7.3493,2.116,4.055,12.246,0.0,0.0,0.0,0.0,0.0,0.0,0.0,0.0,0.1796,0.0813,0.0283,0.3203,11.1718,5.0596,1.758,19.922,0.2616,0.0402,0.1832,0.3585
iccad3,HSCAD31047,TP,HS,HS,layercam,20,10035,10035,10240,30,12,0.0344,0,49,0.4625,0.3073,0.0999,2.227,0.0,0.0,0.2339,14.848,0.4072,0.26,0.0425,0.173,0.3348,0.1966,0.0286,0.136,0.2571,0.0625,0.0095,0.0421,0.0791,7.3493,2.116,4.055,12.246,0.0,0.0,0.0,0.0,0.0,0.0,0.0,0.0,0.1796,0.0813,0.0283,0.3203,11.1718,5.0596,1.758,19.922,0.2616,0.0402,0.1832,0.3585
iccad3,HSCAD31047,TP,HS,HS,occlusion,20,10035,10035,10240,30,12,0.0344,0,49,0.4704,0.3207,0.1099,2.44,0.0,0.0,0.1758,11.161,0.4175,0.26,0.0425,0.173,0.3348,0.1966,0.0286,0.136,0.2571,0.0625,0.0095,0.0421,0.0791,7.3493,2.116,4.055,12.246,0.0,0.0,0.0,0.0,0.0,0.0,0.0,0.0,0.1796,0.0813,0.0283,0.3203,11.1718,5.0596,1.758,19.922,0.2616,0.0402,0.1832,0.3585
iccad3,HSCAD31047,TP,HS,HS,gradcam,30,15053,15053,15360,30,12,0.0344,0,49,0.4413,0.346,0.1103,1.956,0.0,0.0,0.7473,31.622,0.4184,0.2501,0.0281,0.1863,0.2974,0.1924,0.0183,0.1511,0.2261,0.0611,0.0061,0.047,0.071,7.4441,1.1936,4.851,9.397,0.0,0.0,0.0,0.0,0.0,0.0,0.0,0.0,0.3228,0.0742,0.1884,0.4631,13.3876,3.0791,7.812,19.206,0.2513,0.0258,0.1976,0.3023
iccad3,HSCAD31047,TP,HS,HS,gradcam_plus,30,15053,15053,15360,30,12,0.0344,0,49,0.5039,0.3222,0.1032,1.901,0.0,0.0,0.4757,20.129,0.4321,0.2501,0.0281,0.1863,0.2974,0.1924,0.0183,0.1511,0.2261,0.0611,0.0061,0.047,0.071,7.4441,1.1936,4.851,9.397,0.0,0.0,0.0,0.0,0.0,0.0,0.0,0.0,0.3228,0.0742,0.1884,0.4631,13.3876,3.0791,7.812,19.206,0.2513,0.0258,0.1976,0.3023
iccad3,HSCAD31047,TP,HS,HS,layercam,30,15053,15053,15360,30,12,0.0344,0,49,0.4418,0.2918,0.1,2.443,0.0,0.0,0.4223,17.87,0.3822,0.2501,0.0281,0.1863,0.2974,0.1924,0.0183,0.1511,0.2261,0.0611,0.0061,0.047,0.071,7.4441,1.1936,4.851,9.397,0.0,0.0,0.0,0.0,0.0,0.0,0.0,0.0,0.3228,0.0742,0.1884,0.4631,13.3876,3.0791,7.812,19.206,0.2513,0.0258,0.1976,0.3023
iccad3,HSCAD31047,TP,HS,HS,occlusion,30,15053,15053,15360,30,12,0.0344,0,49,0.3922,0.276,0.0931,3.384,0.0,0.0,0.3658,15.479,0.3615,0.2501,0.0281,0.1863,0.2974,0.1924,0.0183,0.1511,0.2261,0.0611,0.0061,0.047,0.071,7.4441,1.1936,4.851,9.397,0.0,0.0,0.0,0.0,0.0,0.0,0.0,0.0,0.3228,0.0742,0.1884,0.4631,13.3876,3.0791,7.812,19.206,0.2513,0.0258,0.1976,0.3023
iccad3,HSCAD31012,TP,HS,HS,gradcam,10,5018,5018,5120,30,9,0.0362,4,44,0.5851,0.2804,0.1082,1.811,0.0,0.0,0.2535,28.896,0.4408,0.2171,0.0707,0.1,0.3812,0.1683,0.0446,0.1039,0.2812,0.0522,0.0155,0.0271,0.0875,12.4403,5.4231,3.594,24.714,0.1333,0.3399,0.0,1.0,0.6251,1.5936,0.0,4.688,0.0839,0.0671,0.0,0.2273,9.3749,7.4944,0.0,25.391,0.2193,0.0614,0.1262,0.3755
iccad3,HSCAD31012,TP,HS,HS,gradcam_plus,10,5018,5018,5120,30,9,0.0362,4,44,0.5536,0.3627,0.1341,1.493,0.0,0.0,0.0857,9.765,0.4477,0.2171,0.0707,0.1,0.3812,0.1683,0.0446,0.1039,0.2812,0.0522,0.0155,0.0271,0.0875,12.4403,5.4231,3.594,24.714,0.1333,0.3399,0.0,1.0,0.6251,1.5936,0.0,4.688,0.0839,0.0671,0.0,0.2273,9.3749,7.4944,0.0,25.391,0.2193,0.0614,0.1262,0.3755
iccad3,HSCAD31012,TP,HS,HS,layercam,10,5018,5018,5120,30,9,0.0362,4,44,0.5199,0.3246,0.1138,1.814,0.0,0.0,0.1206,13.75,0.4338,0.2171,0.0707,0.1,0.3812,0.1683,0.0446,0.1039,0.2812,0.0522,0.0155,0.0271,0.0875,12.4403,5.4231,3.594,24.714,0.1333,0.3399,0.0,1.0,0.6251,1.5936,0.0,4.688,0.0839,0.0671,0.0,0.2273,9.3749,7.4944,0.0,25.391,0.2193,0.0614,0.1262,0.3755
iccad3,HSCAD31012,TP,HS,HS,occlusion,10,5018,5018,5120,30,9,0.0362,4,44,0.5165,0.346,0.1192,1.789,0.0,0.0,0.049,5.58,0.4549,0.2171,0.0707,0.1,0.3812,0.1683,0.0446,0.1039,0.2812,0.0522,0.0155,0.0271,0.0875,12.4403,5.4231,3.594,24.714,0.1333,0.3399,0.0,1.0,0.6251,1.5936,0.0,4.688,0.0839,0.0671,0.0,0.2273,9.3749,7.4944,0.0,25.391,0.2193,0.0614,0.1262,0.3755
iccad3,HSCAD31012,TP,HS,HS,gradcam,20,10035,10035,10240,30,9,0.0362,4,44,0.4699,0.3224,0.1069,2.011,0.0,0.0,0.4388,25.012,0.4284,0.2389,0.0478,0.1373,0.322,0.1772,0.0304,0.1086,0.2316,0.0574,0.0107,0.0324,0.0748,10.6536,3.3393,5.331,17.239,0.1667,0.3727,0.0,1.0,0.3907,0.8736,0.0,2.344,0.2203,0.0766,0.0979,0.4021,12.3048,4.2809,5.469,22.461,0.2363,0.0402,0.1515,0.3062
iccad3,HSCAD31012,TP,HS,HS,gradcam_plus,20,10035,10035,10240,30,9,0.0362,4,44,0.4681,0.3467,0.099,1.8,0.0,0.0,0.2867,16.343,0.4364,0.2389,0.0478,0.1373,0.322,0.1772,0.0304,0.1086,0.2316,0.0574,0.0107,0.0324,0.0748,10.6536,3.3393,5.331,17.239,0.1667,0.3727,0.0,1.0,0.3907,0.8736,0.0,2.344,0.2203,0.0766,0.0979,0.4021,12.3048,4.2809,5.469,22.461,0.2363,0.0402,0.1515,0.3062
iccad3,HSCAD31012,TP,HS,HS,layercam,20,10035,10035,10240,30,9,0.0362,4,44,0.4709,0.309,0.1053,2.146,0.0,0.0,0.264,15.047,0.4061,0.2389,0.0478,0.1373,0.322,0.1772,0.0304,0.1086,0.2316,0.0574,0.0107,0.0324,0.0748,10.6536,3.3393,5.331,17.239,0.1667,0.3727,0.0,1.0,0.3907,0.8736,0.0,2.344,0.2203,0.0766,0.0979,0.4021,12.3048,4.2809,5.469,22.461,0.2363,0.0402,0.1515,0.3062
iccad3,HSCAD31012,TP,HS,HS,occlusion,20,10035,10035,10240,30,9,0.0362,4,44,0.4443,0.296,0.1033,2.708,0.0,0.0,0.3129,17.838,0.4055,0.2389,0.0478,0.1373,0.322,0.1772,0.0304,0.1086,0.2316,0.0574,0.0107,0.0324,0.0748,10.6536,3.3393,5.331,17.239,0.1667,0.3727,0.0,1.0,0.3907,0.8736,0.0,2.344,0.2203,0.0766,0.0979,0.4021,12.3048,4.2809,5.469,22.461,0.2363,0.0402,0.1515,0.3062
iccad3,HSCAD31012,TP,HS,HS,gradcam,30,15053,15053,15360,30,9,0.0362,4,44,0.3947,0.3299,0.0967,2.373,0.7917,1.262,0.6993,26.573,0.3962,0.2209,0.0371,0.1456,0.2876,0.1622,0.0281,0.0922,0.2033,0.0527,0.0086,0.0348,0.0683,12.7771,3.371,5.974,18.828,0.3333,0.4714,0.0,1.0,0.5207,0.7363,0.0,1.562,0.2924,0.1012,0.0839,0.4668,10.8898,3.7704,3.125,17.383,0.2203,0.0344,0.1435,0.2788
iccad3,HSCAD31012,TP,HS,HS,gradcam_plus,30,15053,15053,15360,30,9,0.0362,4,44,0.4371,0.3595,0.1103,1.872,0.0833,0.133,0.479,18.202,0.4245,0.2209,0.0371,0.1456,0.2876,0.1622,0.0281,0.0922,0.2033,0.0527,0.0086,0.0348,0.0683,12.7771,3.371,5.974,18.828,0.3333,0.4714,0.0,1.0,0.5207,0.7363,0.0,1.562,0.2924,0.1012,0.0839,0.4668,10.8898,3.7704,3.125,17.383,0.2203,0.0344,0.1435,0.2788
iccad3,HSCAD31012,TP,HS,HS,layercam,30,15053,15053,15360,30,9,0.0362,4,44,0.4353,0.3008,0.0995,2.416,0.0,0.0,0.4458,16.94,0.383,0.2209,0.0371,0.1456,0.2876,0.1622,0.0281,0.0922,0.2033,0.0527,0.0086,0.0348,0.0683,12.7771,3.371,5.974,18.828,0.3333,0.4714,0.0,1.0,0.5207,0.7363,0.0,1.562,0.2924,0.1012,0.0839,0.4668,10.8898,3.7704,3.125,17.383,0.2203,0.0344,0.1435,0.2788
iccad3,HSCAD31012,TP,HS,HS,occlusion,30,15053,15053,15360,30,9,0.0362,4,44,0.3965,0.2704,0.0938,3.27,0.0,0.0,0.4948,18.8,0.358,0.2209,0.0371,0.1456,0.2876,0.1622,0.0281,0.0922,0.2033,0.0527,0.0086,0.0348,0.0683,12.7771,3.371,5.974,18.828,0.3333,0.4714,0.0,1.0,0.5207,0.7363,0.0,1.562,0.2924,0.1012,0.0839,0.4668,10.8898,3.7704,3.125,17.383,0.2203,0.0344,0.1435,0.2788
iccad3,HSCAD31060,TP,HS,HS,gradcam,10,5018,5018,5120,30,16,0.0359,0,76,0.4952,0.1935,0.1062,2.221,0.0,0.0,0.2672,52.611,0.3694,0.2937,0.0804,0.1338,0.4436,0.1507,0.0253,0.1066,0.1973,0.0732,0.0175,0.0387,0.1055,5.0176,1.6256,2.506,8.945,0.0,0.0,0.0,0.0,0.0,0.0,0.0,0.0,0.1018,0.0357,0.0314,0.1883,19.6549,6.8852,6.055,36.328,0.2955,0.0624,0.1771,0.4172
iccad3,HSCAD31060,TP,HS,HS,gradcam_plus,10,5018,5018,5120,30,16,0.0359,0,76,0.4031,0.1835,0.0921,4.19,0.0,0.0,0.0304,5.978,0.3895,0.2937,0.0804,0.1338,0.4436,0.1507,0.0253,0.1066,0.1973,0.0732,0.0175,0.0387,0.1055,5.0176,1.6256,2.506,8.945,0.0,0.0,0.0,0.0,0.0,0.0,0.0,0.0,0.1018,0.0357,0.0314,0.1883,19.6549,6.8852,6.055,36.328,0.2955,0.0624,0.1771,0.4172
iccad3,HSCAD31060,TP,HS,HS,layercam,10,5018,5018,5120,30,16,0.0359,0,76,0.4966,0.2035,0.1084,2.076,0.0,0.0,0.1589,31.287,0.4028,0.2937,0.0804,0.1338,0.4436,0.1507,0.0253,0.1066,0.1973,0.0732,0.0175,0.0387,0.1055,5.0176,1.6256,2.506,8.945,0.0,0.0,0.0,0.0,0.0,0.0,0.0,0.0,0.1018,0.0357,0.0314,0.1883,19.6549,6.8852,6.055,36.328,0.2955,0.0624,0.1771,0.4172
iccad3,HSCAD31060,TP,HS,HS,occlusion,10,5018,5018,5120,30,16,0.0359,0,76,0.3984,0.1945,0.0923,2.75,0.0,0.0,0.1275,25.11,0.3909,0.2937,0.0804,0.1338,0.4436,0.1507,0.0253,0.1066,0.1973,0.0732,0.0175,0.0387,0.1055,5.0176,1.6256,2.506,8.945,0.0,0.0,0.0,0.0,0.0,0.0,0.0,0.0,0.1018,0.0357,0.0314,0.1883,19.6549,6.8852,6.055,36.328,0.2955,0.0624,0.1771,0.4172
iccad3,HSCAD31060,TP,HS,HS,gradcam,20,10035,10035,10240,30,16,0.0359,0,76,0.4113,0.1985,0.1002,2.424,0.0,0.0,0.499,49.128,0.3694,0.2937,0.0443,0.2165,0.4005,0.1502,0.0152,0.1203,0.186,0.0731,0.0101,0.0546,0.0951,5.1968,0.9775,3.759,7.795,0.0,0.0,0.0,0.0,0.0,0.0,0.0,0.0,0.2089,0.0519,0.1053,0.3128,20.1531,5.0083,10.156,30.176,0.2931,0.0299,0.2386,0.3485
iccad3,HSCAD31060,TP,HS,HS,gradcam_plus,20,10035,10035,10240,30,16,0.0359,0,76,0.3688,0.1768,0.0878,4.433,0.0,0.0,0.0698,6.876,0.3747,0.2937,0.0443,0.2165,0.4005,0.1502,0.0152,0.1203,0.186,0.0731,0.0101,0.0546,0.0951,5.1968,0.9775,3.759,7.795,0.0,0.0,0.0,0.0,0.0,0.0,0.0,0.0,0.2089,0.0519,0.1053,0.3128,20.1531,5.0083,10.156,30.176,0.2931,0.0299,0.2386,0.3485
iccad3,HSCAD31060,TP,HS,HS,layercam,20,10035,10035,10240,30,16,0.0359,0,76,0.47,0.1959,0.1017,2.271,0.0,0.0,0.2955,29.098,0.392,0.2937,0.0443,0.2165,0.4005,0.1502,0.0152,0.1203,0.186,0.0731,0.0101,0.0546,0.0951,5.1968,0.9775,3.759,7.795,0.0,0.0,0.0,0.0,0.0,0.0,0.0,0.0,0.2089,0.0519,0.1053,0.3128,20.1531,5.0083,10.156,30.176,0.2931,0.0299,0.2386,0.3485
iccad3,HSCAD31060,TP,HS,HS,occlusion,20,10035,10035,10240,30,16,0.0359,0,76,0.4079,0.1833,0.096,2.817,0.0,0.0,0.3472,34.18,0.3825,0.2937,0.0443,0.2165,0.4005,0.1502,0.0152,0.1203,0.186,0.0731,0.0101,0.0546,0.0951,5.1968,0.9775,3.759,7.795,0.0,0.0,0.0,0.0,0.0,0.0,0.0,0.0,0.2089,0.0519,0.1053,0.3128,20.1531,5.0083,10.156,30.176,0.2931,0.0299,0.2386,0.3485
iccad3,HSCAD31060,TP,HS,HS,gradcam,30,15053,15053,15360,30,16,0.0359,0,76,0.3783,0.1958,0.0961,2.547,0.0,0.0,0.7115,46.702,0.3612,0.3018,0.0518,0.1603,0.4075,0.154,0.0157,0.1055,0.1841,0.0747,0.0113,0.0424,0.0977,4.9423,1.0395,3.003,8.059,0.0,0.0,0.0,0.0,0.0,0.0,0.0,0.0,0.3066,0.072,0.1842,0.4534,19.7201,4.6343,11.849,29.167,0.3013,0.0385,0.1943,0.3885
iccad3,HSCAD31060,TP,HS,HS,gradcam_plus,30,15053,15053,15360,30,16,0.0359,0,76,0.3443,0.182,0.0886,4.394,0.0,0.0,0.3259,21.391,0.3389,0.3018,0.0518,0.1603,0.4075,0.154,0.0157,0.1055,0.1841,0.0747,0.0113,0.0424,0.0977,4.9423,1.0395,3.003,8.059,0.0,0.0,0.0,0.0,0.0,0.0,0.0,0.0,0.3066,0.072,0.1842,0.4534,19.7201,4.6343,11.849,29.167,0.3013,0.0385,0.1943,0.3885
iccad3,HSCAD31060,TP,HS,HS,layercam,30,15053,15053,15360,30,16,0.0359,0,76,0.4429,0.1992,0.1021,2.329,0.0,0.0,0.4717,30.957,0.3816,0.3018,0.0518,0.1603,0.4075,0.154,0.0157,0.1055,0.1841,0.0747,0.0113,0.0424,0.0977,4.9423,1.0395,3.003,8.059,0.0,0.0,0.0,0.0,0.0,0.0,0.0,0.0,0.3066,0.072,0.1842,0.4534,19.7201,4.6343,11.849,29.167,0.3013,0.0385,0.1943,0.3885
iccad3,HSCAD31060,TP,HS,HS,occlusion,30,15053,15053,15360,30,16,0.0359,0,76,0.3697,0.1716,0.0899,3.296,0.0,0.0,0.4909,32.219,0.3489,0.3018,0.0518,0.1603,0.4075,0.154,0.0157,0.1055,0.1841,0.0747,0.0113,0.0424,0.0977,4.9423,1.0395,3.003,8.059,0.0,0.0,0.0,0.0,0.0,0.0,0.0,0.0,0.3066,0.072,0.1842,0.4534,19.7201,4.6343,11.849,29.167,0.3013,0.0385,0.1943,0.3885
iccad3,NHSCAD31_7,TN,NHS,NHS,gradcam,10,5018,5018,5120,30,9,0.0344,0,48,0.1301,0.1724,0.0381,17.241,0.0,0.0,0.0833,10.363,0.121,0.1298,0.043,0.0545,0.2293,0.1738,0.0512,0.0926,0.283,0.034,0.0114,0.0158,0.0596,14.999,4.8062,8.799,26.098,0.0,0.0,0.0,0.0,0.0,0.0,0.0,0.0,0.0987,0.0476,0.016,0.2131,12.0248,5.8047,1.953,25.977,0.1305,0.0399,0.0524,0.2327
iccad3,NHSCAD31_7,TN,NHS,NHS,gradcam_plus,10,5018,5018,5120,30,9,0.0344,0,48,0.1301,0.1724,0.0381,17.241,0.0,0.0,0.0833,10.363,0.121,0.1298,0.043,0.0545,0.2293,0.1738,0.0512,0.0926,0.283,0.034,0.0114,0.0158,0.0596,14.999,4.8062,8.799,26.098,0.0,0.0,0.0,0.0,0.0,0.0,0.0,0.0,0.0987,0.0476,0.016,0.2131,12.0248,5.8047,1.953,25.977,0.1305,0.0399,0.0524,0.2327
iccad3,NHSCAD31_7,TN,NHS,NHS,layercam,10,5018,5018,5120,30,9,0.0344,0,48,0.4185,0.3964,0.0909,2.796,0.0,0.0,0.4022,50.02,0.2814,0.1298,0.043,0.0545,0.2293,0.1738,0.0512,0.0926,0.283,0.034,0.0114,0.0158,0.0596,14.999,4.8062,8.799,26.098,0.0,0.0,0.0,0.0,0.0,0.0,0.0,0.0,0.0987,0.0476,0.016,0.2131,12.0248,5.8047,1.953,25.977,0.1305,0.0399,0.0524,0.2327
iccad3,NHSCAD31_7,TN,NHS,NHS,occlusion,10,5018,5018,5120,30,9,0.0344,0,48,0.4621,0.3824,0.1058,2.792,0.0,0.0,0.1042,12.953,0.3523,0.1298,0.043,0.0545,0.2293,0.1738,0.0512,0.0926,0.283,0.034,0.0114,0.0158,0.0596,14.999,4.8062,8.799,26.098,0.0,0.0,0.0,0.0,0.0,0.0,0.0,0.0,0.0987,0.0476,0.016,0.2131,12.0248,5.8047,1.953,25.977,0.1305,0.0399,0.0524,0.2327
iccad3,NHSCAD31_7,TN,NHS,NHS,gradcam,20,10035,10035,10240,30,9,0.0344,0,48,0.1229,0.1666,0.0357,17.017,0.0,0.0,0.0849,5.282,0.1231,0.1346,0.0359,0.0602,0.2135,0.1786,0.0442,0.0718,0.2578,0.0355,0.0091,0.0164,0.0544,15.2814,3.4292,9.036,23.984,0.0,0.0,0.0,0.0,0.0,0.0,0.0,0.0,0.2255,0.0645,0.0641,0.3269,13.7401,3.9309,3.906,19.922,0.1306,0.033,0.0611,0.1888
iccad3,NHSCAD31_7,TN,NHS,NHS,gradcam_plus,20,10035,10035,10240,30,9,0.0344,0,48,0.1229,0.1666,0.0357,17.017,0.0,0.0,0.0849,5.282,0.1231,0.1346,0.0359,0.0602,0.2135,0.1786,0.0442,0.0718,0.2578,0.0355,0.0091,0.0164,0.0544,15.2814,3.4292,9.036,23.984,0.0,0.0,0.0,0.0,0.0,0.0,0.0,0.0,0.2255,0.0645,0.0641,0.3269,13.7401,3.9309,3.906,19.922,0.1306,0.033,0.0611,0.1888
iccad3,NHSCAD31_7,TN,NHS,NHS,layercam,20,10035,10035,10240,30,9,0.0344,0,48,0.349,0.3639,0.082,3.749,0.0,0.0,0.6106,37.967,0.2528,0.1346,0.0359,0.0602,0.2135,0.1786,0.0442,0.0718,0.2578,0.0355,0.0091,0.0164,0.0544,15.2814,3.4292,9.036,23.984,0.0,0.0,0.0,0.0,0.0,0.0,0.0,0.0,0.2255,0.0645,0.0641,0.3269,13.7401,3.9309,3.906,19.922,0.1306,0.033,0.0611,0.1888
iccad3,NHSCAD31_7,TN,NHS,NHS,occlusion,20,10035,10035,10240,30,9,0.0344,0,48,0.3267,0.3036,0.073,5.747,0.0,0.0,0.1603,9.965,0.2811,0.1346,0.0359,0.0602,0.2135,0.1786,0.0442,0.0718,0.2578,0.0355,0.0091,0.0164,0.0544,15.2814,3.4292,9.036,23.984,0.0,0.0,0.0,0.0,0.0,0.0,0.0,0.0,0.2255,0.0645,0.0641,0.3269,13.7401,3.9309,3.906,19.922,0.1306,0.033,0.0611,0.1888
iccad3,NHSCAD31_7,TN,NHS,NHS,gradcam,30,15053,15053,15360,30,9,0.0344,0,48,0.1248,0.1772,0.0372,16.363,0.0,0.0,0.2724,11.293,0.1215,0.1378,0.027,0.0805,0.1831,0.1825,0.0304,0.1177,0.2421,0.0361,0.0072,0.0212,0.0492,14.6189,2.4289,10.591,20.224,0.0,0.0,0.0,0.0,0.0,0.0,0.0,0.0,0.2959,0.0769,0.1747,0.4487,12.0226,3.125,7.096,18.229,0.1362,0.0232,0.0861,0.1851
iccad3,NHSCAD31_7,TN,NHS,NHS,gradcam_plus,30,15053,15053,15360,30,9,0.0344,0,48,0.1248,0.1772,0.0372,16.363,0.0,0.0,0.2724,11.293,0.1215,0.1378,0.027,0.0805,0.1831,0.1825,0.0304,0.1177,0.2421,0.0361,0.0072,0.0212,0.0492,14.6189,2.4289,10.591,20.224,0.0,0.0,0.0,0.0,0.0,0.0,0.0,0.0,0.2959,0.0769,0.1747,0.4487,12.0226,3.125,7.096,18.229,0.1362,0.0232,0.0861,0.1851
iccad3,NHSCAD31_7,TN,NHS,NHS,layercam,30,15053,15053,15360,30,9,0.0344,0,48,0.293,0.3225,0.0706,4.936,0.0,0.0,0.734,30.426,0.2291,0.1378,0.027,0.0805,0.1831,0.1825,0.0304,0.1177,0.2421,0.0361,0.0072,0.0212,0.0492,14.6189,2.4289,10.591,20.224,0.0,0.0,0.0,0.0,0.0,0.0,0.0,0.0,0.2959,0.0769,0.1747,0.4487,12.0226,3.125,7.096,18.229,0.1362,0.0232,0.0861,0.1851
iccad3,NHSCAD31_7,TN,NHS,NHS,occlusion,30,15053,15053,15360,30,9,0.0344,0,48,0.2511,0.2724,0.0581,6.804,0.0,0.0,0.3221,13.353,0.2377,0.1378,0.027,0.0805,0.1831,0.1825,0.0304,0.1177,0.2421,0.0361,0.0072,0.0212,0.0492,14.6189,2.4289,10.591,20.224,0.0,0.0,0.0,0.0,0.0,0.0,0.0,0.0,0.2959,0.0769,0.1747,0.4487,12.0226,3.125,7.096,18.229,0.1362,0.0232,0.0861,0.1851
iccad3,NNHSCAD35348_9,TN,NHS,NHS,gradcam,10,5018,5018,5120,30,2,0.0344,0,8,0.0789,0.1941,0.0175,32.669,0.0,0.0,0.0,0.0,0.0793,0.0769,0.0441,0.0063,0.1688,0.1914,0.0914,0.0549,0.4221,0.0165,0.0098,0.0033,0.0387,34.1107,10.4344,10.707,54.23,0.0,0.0,0.0,0.0,0.0,0.0,0.0,0.0,0.1186,0.0977,0.0,0.2692,2.4088,1.9843,0.0,5.469,0.0704,0.0391,0.0119,0.1553
iccad3,NNHSCAD35348_9,TN,NHS,NHS,gradcam_plus,10,5018,5018,5120,30,2,0.0344,0,8,0.2734,0.5124,0.0508,12.341,0.0,0.0,0.375,7.772,0.1983,0.0769,0.0441,0.0063,0.1688,0.1914,0.0914,0.0549,0.4221,0.0165,0.0098,0.0033,0.0387,34.1107,10.4344,10.707,54.23,0.0,0.0,0.0,0.0,0.0,0.0,0.0,0.0,0.1186,0.0977,0.0,0.2692,2.4088,1.9843,0.0,5.469,0.0704,0.0391,0.0119,0.1553
iccad3,NNHSCAD35348_9,TN,NHS,NHS,layercam,10,5018,5018,5120,30,2,0.0344,0,8,0.4283,0.451,0.0895,4.328,0.0,0.0,0.7404,15.345,0.219,0.0769,0.0441,0.0063,0.1688,0.1914,0.0914,0.0549,0.4221,0.0165,0.0098,0.0033,0.0387,34.1107,10.4344,10.707,54.23,0.0,0.0,0.0,0.0,0.0,0.0,0.0,0.0,0.1186,0.0977,0.0,0.2692,2.4088,1.9843,0.0,5.469,0.0704,0.0391,0.0119,0.1553
iccad3,NNHSCAD35348_9,TN,NHS,NHS,occlusion,10,5018,5018,5120,30,2,0.0344,0,8,0.3948,0.4872,0.0805,4.477,0.0,0.0,0.0,0.0,0.2487,0.0769,0.0441,0.0063,0.1688,0.1914,0.0914,0.0549,0.4221,0.0165,0.0098,0.0033,0.0387,34.1107,10.4344,10.707,54.23,0.0,0.0,0.0,0.0,0.0,0.0,0.0,0.0,0.1186,0.0977,0.0,0.2692,2.4088,1.9843,0.0,5.469,0.0704,0.0391,0.0119,0.1553
iccad3,NNHSCAD35348_9,TN,NHS,NHS,gradcam,20,10035,10035,10240,30,2,0.0344,0,8,0.0807,0.1963,0.0179,32.509,0.0,0.0,0.0,0.0,0.0804,0.0687,0.0188,0.025,0.1,0.1917,0.0494,0.0743,0.2673,0.0158,0.0049,0.0048,0.0256,31.633,6.2933,21.384,48.037,0.0,0.0,0.0,0.0,0.0,0.0,0.0,0.0,0.1962,0.1809,0.0,0.6154,1.9921,1.8373,0.0,6.25,0.0699,0.0178,0.0253,0.0987
iccad3,NNHSCAD35348_9,TN,NHS,NHS,gradcam_plus,20,10035,10035,10240,30,2,0.0344,0,8,0.1662,0.3395,0.0329,23.335,0.0,0.0,0.375,3.886,0.1326,0.0687,0.0188,0.025,0.1,0.1917,0.0494,0.0743,0.2673,0.0158,0.0049,0.0048,0.0256,31.633,6.2933,21.384,48.037,0.0,0.0,0.0,0.0,0.0,0.0,0.0,0.0,0.1962,0.1809,0.0,0.6154,1.9921,1.8373,0.0,6.25,0.0699,0.0178,0.0253,0.0987
iccad3,NNHSCAD35348_9,TN,NHS,NHS,layercam,20,10035,10035,10240,30,2,0.0344,0,8,0.2905,0.4344,0.0643,9.404,0.0,0.0,0.9135,9.467,0.1832,0.0687,0.0188,0.025,0.1,0.1917,0.0494,0.0743,0.2673,0.0158,0.0049,0.0048,0.0256,31.633,6.2933,21.384,48.037,0.0,0.0,0.0,0.0,0.0,0.0,0.0,0.0,0.1962,0.1809,0.0,0.6154,1.9921,1.8373,0.0,6.25,0.0699,0.0178,0.0253,0.0987
iccad3,NNHSCAD35348_9,TN,NHS,NHS,occlusion,20,10035,10035,10240,30,2,0.0344,0,8,0.2567,0.4684,0.0526,6.903,0.0,0.0,0.0,0.0,0.207,0.0687,0.0188,0.025,0.1,0.1917,0.0494,0.0743,0.2673,0.0158,0.0049,0.0048,0.0256,31.633,6.2933,21.384,48.037,0.0,0.0,0.0,0.0,0.0,0.0,0.0,0.0,0.1962,0.1809,0.0,0.6154,1.9921,1.8373,0.0,6.25,0.0699,0.0178,0.0253,0.0987
iccad3,NNHSCAD35348_9,TN,NHS,NHS,gradcam,30,15053,15053,15360,30,2,0.0344,0,8,0.0777,0.1982,0.0181,32.61,0.0,0.0,0.5,3.454,0.0752,0.0704,0.0197,0.0301,0.1311,0.1912,0.0477,0.1199,0.3158,0.0163,0.0049,0.0076,0.0299,32.8265,5.0986,22.795,41.73,0.0,0.0,0.0,0.0,0.0,0.0,0.0,0.0,0.2724,0.1933,0.0,0.75,1.8445,1.3086,0.0,5.078,0.0706,0.0174,0.0426,0.1209
iccad3,NNHSCAD35348_9,TN,NHS,NHS,gradcam_plus,30,15053,15053,15360,30,2,0.0344,0,8,0.13,0.2829,0.0266,27.176,0.0,0.0,0.6442,4.451,0.1085,0.0704,0.0197,0.0301,0.1311,0.1912,0.0477,0.1199,0.3158,0.0163,0.0049,0.0076,0.0299,32.8265,5.0986,22.795,41.73,0.0,0.0,0.0,0.0,0.0,0.0,0.0,0.0,0.2724,0.1933,0.0,0.75,1.8445,1.3086,0.0,5.078,0.0706,0.0174,0.0426,0.1209
iccad3,NNHSCAD35348_9,TN,NHS,NHS,layercam,30,15053,15053,15360,30,2,0.0344,0,8,0.2098,0.3899,0.0474,15.002,0.0,0.0,0.9904,6.842,0.1538,0.0704,0.0197,0.0301,0.1311,0.1912,0.0477,0.1199,0.3158,0.0163,0.0049,0.0076,0.0299,32.8265,5.0986,22.795,41.73,0.0,0.0,0.0,0.0,0.0,0.0,0.0,0.0,0.2724,0.1933,0.0,0.75,1.8445,1.3086,0.0,5.078,0.0706,0.0174,0.0426,0.1209
iccad3,NNHSCAD35348_9,TN,NHS,NHS,occlusion,30,15053,15053,15360,30,2,0.0344,0,8,0.2008,0.4689,0.0454,7.796,0.0,0.0,0.3942,2.724,0.1895,0.0704,0.0197,0.0301,0.1311,0.1912,0.0477,0.1199,0.3158,0.0163,0.0049,0.0076,0.0299,32.8265,5.0986,22.795,41.73,0.0,0.0,0.0,0.0,0.0,0.0,0.0,0.0,0.2724,0.1933,0.0,0.75,1.8445,1.3086,0.0,5.078,0.0706,0.0174,0.0426,0.1209
iccad3,NNHSCAD35348_8,TN,NHS,NHS,gradcam,10,5018,5018,5120,30,3,0.0369,4,16,0.1198,0.1987,0.0289,17.039,0.0417,0.199,0.1202,4.982,0.1227,0.1216,0.0391,0.0375,0.1875,0.2094,0.06,0.0535,0.3268,0.0285,0.009,0.0063,0.0445,16.1623,5.1363,8.544,28.344,0.1333,0.3399,0.0,1.0,0.6251,1.5936,0.0,4.688,0.1229,0.1,0.0,0.3173,4.9934,4.0641,0.0,12.891,0.118,0.0333,0.0476,0.1762
iccad3,NNHSCAD35348_8,TN,NHS,NHS,gradcam_plus,10,5018,5018,5120,30,3,0.0369,4,16,0.5568,0.4432,0.1004,1.904,1.0,4.783,0.2356,9.765,0.2668,0.1216,0.0391,0.0375,0.1875,0.2094,0.06,0.0535,0.3268,0.0285,0.009,0.0063,0.0445,16.1623,5.1363,8.544,28.344,0.1333,0.3399,0.0,1.0,0.6251,1.5936,0.0,4.688,0.1229,0.1,0.0,0.3173,4.9934,4.0641,0.0,12.891,0.118,0.0333,0.0476,0.1762
iccad3,NNHSCAD35348_8,TN,NHS,NHS,layercam,10,5018,5018,5120,30,3,0.0369,4,16,0.4771,0.39,0.0967,3.156,0.125,0.598,0.2548,10.562,0.2388,0.1216,0.0391,0.0375,0.1875,0.2094,0.06,0.0535,0.3268,0.0285,0.009,0.0063,0.0445,16.1623,5.1363,8.544,28.344,0.1333,0.3399,0.0,1.0,0.6251,1.5936,0.0,4.688,0.1229,0.1,0.0,0.3173,4.9934,4.0641,0.0,12.891,0.118,0.0333,0.0476,0.1762
iccad3,NNHSCAD35348_8,TN,NHS,NHS,occlusion,10,5018,5018,5120,30,3,0.0369,4,16,0.2449,0.4388,0.0626,4.548,0.0,0.0,0.0,0.0,0.2438,0.1216,0.0391,0.0375,0.1875,0.2094,0.06,0.0535,0.3268,0.0285,0.009,0.0063,0.0445,16.1623,5.1363,8.544,28.344,0.1333,0.3399,0.0,1.0,0.6251,1.5936,0.0,4.688,0.1229,0.1,0.0,0.3173,4.9934,4.0641,0.0,12.891,0.118,0.0333,0.0476,0.1762
iccad3,NNHSCAD35348_8,TN,NHS,NHS,gradcam,20,10035,10035,10240,30,3,0.0369,4,16,0.1177,0.1949,0.0278,17.361,0.0417,0.1,0.1202,2.491,0.1209,0.1001,0.0302,0.0156,0.1465,0.1754,0.049,0.0408,0.2525,0.0234,0.0073,0.0039,0.0337,18.4972,3.3646,11.742,28.398,0.1667,0.3727,0.0,1.0,0.3907,0.8736,0.0,2.344,0.2133,0.1623,0.0,0.625,4.3327,3.2976,0.0,12.695,0.0994,0.0269,0.0222,0.1376
iccad3,NNHSCAD35348_8,TN,NHS,NHS,gradcam_plus,20,10035,10035,10240,30,3,0.0369,4,16,0.4605,0.4842,0.1053,2.43,1.0,2.392,0.3942,8.171,0.2677,0.1001,0.0302,0.0156,0.1465,0.1754,0.049,0.0408,0.2525,0.0234,0.0073,0.0039,0.0337,18.4972,3.3646,11.742,28.398,0.1667,0.3727,0.0,1.0,0.3907,0.8736,0.0,2.344,0.2133,0.1623,0.0,0.625,4.3327,3.2976,0.0,12.695,0.0994,0.0269,0.0222,0.1376
iccad3,NNHSCAD35348_8,TN,NHS,NHS,layercam,20,10035,10035,10240,30,3,0.0369,4,16,0.3544,0.393,0.0773,4.793,0.5833,1.395,0.5481,11.36,0.2184,0.1001,0.0302,0.0156,0.1465,0.1754,0.049,0.0408,0.2525,0.0234,0.0073,0.0039,0.0337,18.4972,3.3646,11.742,28.398,0.1667,0.3727,0.0,1.0,0.3907,0.8736,0.0,2.344,0.2133,0.1623,0.0,0.625,4.3327,3.2976,0.0,12.695,0.0994,0.0269,0.0222,0.1376
iccad3,NNHSCAD35348_8,TN,NHS,NHS,occlusion,20,10035,10035,10240,30,3,0.0369,4,16,0.2614,0.4131,0.0628,5.113,0.0,0.0,0.101,2.093,0.2381,0.1001,0.0302,0.0156,0.1465,0.1754,0.049,0.0408,0.2525,0.0234,0.0073,0.0039,0.0337,18.4972,3.3646,11.742,28.398,0.1667,0.3727,0.0,1.0,0.3907,0.8736,0.0,2.344,0.2133,0.1623,0.0,0.625,4.3327,3.2976,0.0,12.695,0.0994,0.0269,0.0222,0.1376
iccad3,NNHSCAD35348_8,TN,NHS,NHS,gradcam,30,15053,15053,15360,30,3,0.0369,4,16,0.1134,0.1954,0.0278,17.614,0.0417,0.066,0.4952,6.842,0.1119,0.0932,0.0262,0.0364,0.1404,0.1683,0.0398,0.0852,0.2295,0.0224,0.0061,0.01,0.0325,18.6945,3.0926,14.008,28.094,0.2333,0.423,0.0,1.0,0.3645,0.6607,0.0,1.562,0.2817,0.1358,0.1202,0.625,3.8151,1.8386,1.628,8.464,0.0951,0.0231,0.0426,0.1372
iccad3,NNHSCAD35348_8,TN,NHS,NHS,gradcam_plus,30,15053,15053,15360,30,3,0.0369,4,16,0.3233,0.4064,0.0752,7.177,1.0,1.594,0.5288,7.308,0.2189,0.0932,0.0262,0.0364,0.1404,0.1683,0.0398,0.0852,0.2295,0.0224,0.0061,0.01,0.0325,18.6945,3.0926,14.008,28.094,0.2333,0.423,0.0,1.0,0.3645,0.6607,0.0,1.562,0.2817,0.1358,0.1202,0.625,3.8151,1.8386,1.628,8.464,0.0951,0.0231,0.0426,0.1372
iccad3,NNHSCAD35348_8,TN,NHS,NHS,layercam,30,15053,15053,15360,30,3,0.0369,4,16,0.2793,0.3627,0.0632,6.851,0.9583,1.528,0.7692,10.629,0.1958,0.0932,0.0262,0.0364,0.1404,0.1683,0.0398,0.0852,0.2295,0.0224,0.0061,0.01,0.0325,18.6945,3.0926,14.008,28.094,0.2333,0.423,0.0,1.0,0.3645,0.6607,0.0,1.562,0.2817,0.1358,0.1202,0.625,3.8151,1.8386,1.628,8.464,0.0951,0.0231,0.0426,0.1372
iccad3,NNHSCAD35348_8,TN,NHS,NHS,occlusion,30,15053,15053,15360,30,3,0.0369,4,16,0.2057,0.3261,0.0484,7.893,0.0,0.0,0.149,2.059,0.1937,0.0932,0.0262,0.0364,0.1404,0.1683,0.0398,0.0852,0.2295,0.0224,0.0061,0.01,0.0325,18.6945,3.0926,14.008,28.094,0.2333,0.423,0.0,1.0,0.3645,0.6607,0.0,1.562,0.2817,0.1358,0.1202,0.625,3.8151,1.8386,1.628,8.464,0.0951,0.0231,0.0426,0.1372
iccad3,NNHSCAD33591_8,FP,NHS,HS,gradcam,10,5018,5018,5120,30,13,0.0466,0,50,0.5996,0.1933,0.1094,1.772,0.0,0.0,0.0015,0.199,0.5172,0.3451,0.055,0.265,0.45,0.1673,0.0244,0.1273,0.2203,0.0792,0.014,0.0555,0.109,4.6251,1.2004,2.085,7.269,0.0,0.0,0.0,0.0,0.0,0.0,0.0,0.0,0.1105,0.0579,0.0,0.2338,14.0235,7.3456,0.0,29.688,0.3449,0.0581,0.2457,0.4579
iccad3,NNHSCAD33591_8,FP,NHS,HS,gradcam_plus,10,5018,5018,5120,30,13,0.0466,0,50,0.6028,0.1501,0.0574,4.067,0.0,0.0,0.0646,8.37,0.4695,0.3451,0.055,0.265,0.45,0.1673,0.0244,0.1273,0.2203,0.0792,0.014,0.0555,0.109,4.6251,1.2004,2.085,7.269,0.0,0.0,0.0,0.0,0.0,0.0,0.0,0.0,0.1105,0.0579,0.0,0.2338,14.0235,7.3456,0.0,29.688,0.3449,0.0581,0.2457,0.4579
iccad3,NNHSCAD33591_8,FP,NHS,HS,layercam,10,5018,5018,5120,30,13,0.0466,0,50,0.5151,0.234,0.1196,1.64,0.0,0.0,0.0508,6.576,0.4957,0.3451,0.055,0.265,0.45,0.1673,0.0244,0.1273,0.2203,0.0792,0.014,0.0555,0.109,4.6251,1.2004,2.085,7.269,0.0,0.0,0.0,0.0,0.0,0.0,0.0,0.0,0.1105,0.0579,0.0,0.2338,14.0235,7.3456,0.0,29.688,0.3449,0.0581,0.2457,0.4579
iccad3,NNHSCAD33591_8,FP,NHS,HS,occlusion,10,5018,5018,5120,30,13,0.0466,0,50,0.4839,0.2517,0.1244,1.584,0.0,0.0,0.0,0.0,0.5017,0.3451,0.055,0.265,0.45,0.1673,0.0244,0.1273,0.2203,0.0792,0.014,0.0555,0.109,4.6251,1.2004,2.085,7.269,0.0,0.0,0.0,0.0,0.0,0.0,0.0,0.0,0.1105,0.0579,0.0,0.2338,14.0235,7.3456,0.0,29.688,0.3449,0.0581,0.2457,0.4579
iccad3,NNHSCAD33591_8,FP,NHS,HS,gradcam,20,10035,10035,10240,30,13,0.0466,0,50,0.4799,0.235,0.1109,1.683,0.0,0.0,0.0846,5.481,0.5016,0.3501,0.0358,0.2771,0.4129,0.1724,0.0153,0.142,0.2031,0.0826,0.0084,0.0684,0.0992,4.6121,0.8062,2.922,6.186,0.0,0.0,0.0,0.0,0.0,0.0,0.0,0.0,0.1876,0.1078,0.0,0.3677,11.9076,6.8435,0.0,23.34,0.3497,0.0367,0.2635,0.4231
iccad3,NNHSCAD33591_8,FP,NHS,HS,gradcam_plus,20,10035,10035,10240,30,13,0.0466,0,50,0.4721,0.1774,0.0913,3.69,0.0,0.0,0.1938,12.556,0.4361,0.3501,0.0358,0.2771,0.4129,0.1724,0.0153,0.142,0.2031,0.0826,0.0084,0.0684,0.0992,4.6121,0.8062,2.922,6.186,0.0,0.0,0.0,0.0,0.0,0.0,0.0,0.0,0.1876,0.1078,0.0,0.3677,11.9076,6.8435,0.0,23.34,0.3497,0.0367,0.2635,0.4231
iccad3,NNHSCAD33591_8,FP,NHS,HS,layercam,20,10035,10035,10240,30,13,0.0466,0,50,0.4941,0.2201,0.1083,1.836,0.0,0.0,0.1569,10.164,0.4784,0.3501,0.0358,0.2771,0.4129,0.1724,0.0153,0.142,0.2031,0.0826,0.0084,0.0684,0.0992,4.6121,0.8062,2.922,6.186,0.0,0.0,0.0,0.0,0.0,0.0,0.0,0.0,0.1876,0.1078,0.0,0.3677,11.9076,6.8435,0.0,23.34,0.3497,0.0367,0.2635,0.4231
iccad3,NNHSCAD33591_8,FP,NHS,HS,occlusion,20,10035,10035,10240,30,13,0.0466,0,50,0.4358,0.2309,0.1082,2.244,0.0,0.0,0.1538,9.965,0.4632,0.3501,0.0358,0.2771,0.4129,0.1724,0.0153,0.142,0.2031,0.0826,0.0084,0.0684,0.0992,4.6121,0.8062,2.922,6.186,0.0,0.0,0.0,0.0,0.0,0.0,0.0,0.0,0.1876,0.1078,0.0,0.3677,11.9076,6.8435,0.0,23.34,0.3497,0.0367,0.2635,0.4231
iccad3,NNHSCAD33591_8,FP,NHS,HS,gradcam,30,15053,15053,15360,30,13,0.0466,0,50,0.4856,0.2305,0.1109,1.681,0.0,0.0,0.1554,6.71,0.4869,0.3398,0.0384,0.2743,0.4343,0.1663,0.0165,0.1339,0.2061,0.0785,0.0093,0.065,0.1038,4.8322,0.86,2.875,6.447,0.0,0.0,0.0,0.0,0.0,0.0,0.0,0.0,0.3366,0.1347,0.0646,0.6154,14.2426,5.7011,2.734,26.042,0.3401,0.0384,0.284,0.4259
iccad3,NNHSCAD33591_8,FP,NHS,HS,gradcam_plus,30,15053,15053,15360,30,13,0.0466,0,50,0.4119,0.2253,0.0972,3.469,0.0,0.0,0.38,16.409,0.3999,0.3398,0.0384,0.2743,0.4343,0.1663,0.0165,0.1339,0.2061,0.0785,0.0093,0.065,0.1038,4.8322,0.86,2.875,6.447,0.0,0.0,0.0,0.0,0.0,0.0,0.0,0.0,0.3366,0.1347,0.0646,0.6154,14.2426,5.7011,2.734,26.042,0.3401,0.0384,0.284,0.4259
iccad3,NNHSCAD33591_8,FP,NHS,HS,layercam,30,15053,15053,15360,30,13,0.0466,0,50,0.4863,0.2154,0.1054,2.047,0.0,0.0,0.32,13.818,0.4584,0.3398,0.0384,0.2743,0.4343,0.1663,0.0165,0.1339,0.2061,0.0785,0.0093,0.065,0.1038,4.8322,0.86,2.875,6.447,0.0,0.0,0.0,0.0,0.0,0.0,0.0,0.0,0.3366,0.1347,0.0646,0.6154,14.2426,5.7011,2.734,26.042,0.3401,0.0384,0.284,0.4259
iccad3,NNHSCAD33591_8,FP,NHS,HS,occlusion,30,15053,15053,15360,30,13,0.0466,0,50,0.3998,0.2132,0.0976,2.925,0.0,0.0,0.2662,11.493,0.4254,0.3398,0.0384,0.2743,0.4343,0.1663,0.0165,0.1339,0.2061,0.0785,0.0093,0.065,0.1038,4.8322,0.86,2.875,6.447,0.0,0.0,0.0,0.0,0.0,0.0,0.0,0.0,0.3366,0.1347,0.0646,0.6154,14.2426,5.7011,2.734,26.042,0.3401,0.0384,0.284,0.4259
iccad3,NHSCAD31051_2,FP,NHS,HS,gradcam,10,5018,5018,5120,30,12,0.0369,8,55,0.5634,0.2106,0.109,1.951,0.5,4.783,0.2531,36.07,0.4449,0.2726,0.0824,0.1385,0.4861,0.1406,0.0337,0.0656,0.2131,0.0666,0.0186,0.0322,0.1135,6.0674,1.9381,2.223,9.646,0.1167,0.2115,0.0,0.5,1.0939,1.9828,0.0,4.688,0.0992,0.0631,0.0,0.2503,13.8476,8.8176,0.0,34.961,0.2812,0.063,0.1765,0.4308
iccad3,NHSCAD31051_2,FP,NHS,HS,gradcam_plus,10,5018,5018,5120,30,12,0.0369,8,55,0.5319,0.2503,0.1084,1.699,0.2917,2.79,0.0476,6.776,0.4832,0.2726,0.0824,0.1385,0.4861,0.1406,0.0337,0.0656,0.2131,0.0666,0.0186,0.0322,0.1135,6.0674,1.9381,2.223,9.646,0.1167,0.2115,0.0,0.5,1.0939,1.9828,0.0,4.688,0.0992,0.0631,0.0,0.2503,13.8476,8.8176,0.0,34.961,0.2812,0.063,0.1765,0.4308
iccad3,NHSCAD31051_2,FP,NHS,HS,layercam,10,5018,5018,5120,30,12,0.0369,8,55,0.4785,0.2083,0.1086,2.045,0.4792,4.583,0.1664,23.715,0.4405,0.2726,0.0824,0.1385,0.4861,0.1406,0.0337,0.0656,0.2131,0.0666,0.0186,0.0322,0.1135,6.0674,1.9381,2.223,9.646,0.1167,0.2115,0.0,0.5,1.0939,1.9828,0.0,4.688,0.0992,0.0631,0.0,0.2503,13.8476,8.8176,0.0,34.961,0.2812,0.063,0.1765,0.4308
iccad3,NHSCAD31051_2,FP,NHS,HS,occlusion,10,5018,5018,5120,30,12,0.0369,8,55,0.4791,0.2228,0.1112,2.133,0.5,4.783,0.1762,25.11,0.4359,0.2726,0.0824,0.1385,0.4861,0.1406,0.0337,0.0656,0.2131,0.0666,0.0186,0.0322,0.1135,6.0674,1.9381,2.223,9.646,0.1167,0.2115,0.0,0.5,1.0939,1.9828,0.0,4.688,0.0992,0.0631,0.0,0.2503,13.8476,8.8176,0.0,34.961,0.2812,0.063,0.1765,0.4308
iccad3,NHSCAD31051_2,FP,NHS,HS,gradcam,20,10035,10035,10240,30,12,0.0369,8,55,0.445,0.2225,0.1082,1.983,0.5,2.392,0.4294,30.593,0.4338,0.2928,0.0534,0.1835,0.4073,0.1476,0.0152,0.119,0.1911,0.0713,0.0118,0.0471,0.0961,5.5018,1.1952,3.097,7.533,0.2167,0.3337,0.0,1.0,1.0157,1.5646,0.0,4.688,0.1896,0.0806,0.0308,0.3846,13.2357,5.6289,2.148,26.855,0.2934,0.0343,0.2202,0.3706
iccad3,NHSCAD31051_2,FP,NHS,HS,gradcam_plus,20,10035,10035,10240,30,12,0.0369,8,55,0.4924,0.2142,0.106,1.798,0.5,2.392,0.1455,10.364,0.4698,0.2928,0.0534,0.1835,0.4073,0.1476,0.0152,0.119,0.1911,0.0713,0.0118,0.0471,0.0961,5.5018,1.1952,3.097,7.533,0.2167,0.3337,0.0,1.0,1.0157,1.5646,0.0,4.688,0.1896,0.0806,0.0308,0.3846,13.2357,5.6289,2.148,26.855,0.2934,0.0343,0.2202,0.3706
iccad3,NHSCAD31051_2,FP,NHS,HS,layercam,20,10035,10035,10240,30,12,0.0369,8,55,0.466,0.2038,0.1026,2.169,0.5208,2.491,0.2559,18.236,0.4151,0.2928,0.0534,0.1835,0.4073,0.1476,0.0152,0.119,0.1911,0.0713,0.0118,0.0471,0.0961,5.5018,1.1952,3.097,7.533,0.2167,0.3337,0.0,1.0,1.0157,1.5646,0.0,4.688,0.1896,0.0806,0.0308,0.3846,13.2357,5.6289,2.148,26.855,0.2934,0.0343,0.2202,0.3706
iccad3,NHSCAD31051_2,FP,NHS,HS,occlusion,20,10035,10035,10240,30,12,0.0369,8,55,0.3899,0.1884,0.0935,3.145,0.5,2.392,0.3622,25.81,0.3753,0.2928,0.0534,0.1835,0.4073,0.1476,0.0152,0.119,0.1911,0.0713,0.0118,0.0471,0.0961,5.5018,1.1952,3.097,7.533,0.2167,0.3337,0.0,1.0,1.0157,1.5646,0.0,4.688,0.1896,0.0806,0.0308,0.3846,13.2357,5.6289,2.148,26.855,0.2934,0.0343,0.2202,0.3706
iccad3,NHSCAD31051_2,FP,NHS,HS,gradcam,30,15053,15053,15360,30,12,0.0369,8,55,0.4084,0.2257,0.1056,2.036,1.0,3.189,0.7189,34.146,0.4168,0.283,0.0362,0.1967,0.3419,0.1428,0.0135,0.1189,0.1639,0.0691,0.0083,0.0502,0.0825,5.6352,0.8255,4.524,7.472,0.3,0.3559,0.0,1.0,0.9373,1.1121,0.0,3.125,0.2922,0.0753,0.1175,0.414,13.6024,3.5049,5.469,19.271,0.285,0.027,0.2246,0.328
iccad3,NHSCAD31051_2,FP,NHS,HS,gradcam_plus,30,15053,15053,15360,30,12,0.0369,8,55,0.483,0.2112,0.1051,2.018,0.5,1.594,0.4154,19.73,0.4254,0.283,0.0362,0.1967,0.3419,0.1428,0.0135,0.1189,0.1639,0.0691,0.0083,0.0502,0.0825,5.6352,0.8255,4.524,7.472,0.3,0.3559,0.0,1.0,0.9373,1.1121,0.0,3.125,0.2922,0.0753,0.1175,0.414,13.6024,3.5049,5.469,19.271,0.285,0.027,0.2246,0.328
iccad3,NHSCAD31051_2,FP,NHS,HS,layercam,30,15053,15053,15360,30,12,0.0369,8,55,0.4529,0.1981,0.1026,2.275,0.6042,1.927,0.393,18.667,0.3956,0.283,0.0362,0.1967,0.3419,0.1428,0.0135,0.1189,0.1639,0.0691,0.0083,0.0502,0.0825,5.6352,0.8255,4.524,7.472,0.3,0.3559,0.0,1.0,0.9373,1.1121,0.0,3.125,0.2922,0.0753,0.1175,0.414,13.6024,3.5049,5.469,19.271,0.285,0.027,0.2246,0.328
iccad3,NHSCAD31051_2,FP,NHS,HS,occlusion,30,15053,15053,15360,30,12,0.0369,8,55,0.3846,0.1756,0.0917,3.306,1.0,3.189,0.4909,23.318,0.3575,0.283,0.0362,0.1967,0.3419,0.1428,0.0135,0.1189,0.1639,0.0691,0.0083,0.0502,0.0825,5.6352,0.8255,4.524,7.472,0.3,0.3559,0.0,1.0,0.9373,1.1121,0.0,3.125,0.2922,0.0753,0.1175,0.414,13.6024,3.5049,5.469,19.271,0.285,0.027,0.2246,0.328
iccad3,NHSCAD31011_8,FP,NHS,HS,gradcam,10,5018,5018,5120,30,13,0.0356,0,57,0.5558,0.2045,0.1132,1.847,0.0,0.0,0.3212,47.429,0.4422,0.2918,0.0671,0.1523,0.4662,0.1481,0.0222,0.1062,0.1934,0.0731,0.0148,0.0393,0.1125,4.8198,1.4369,2.413,9.697,0.0,0.0,0.0,0.0,0.0,0.0,0.0,0.0,0.1193,0.0669,0.0229,0.2753,17.2591,9.6862,3.32,39.844,0.2937,0.0573,0.1718,0.3953
iccad3,NHSCAD31011_8,FP,NHS,HS,gradcam_plus,10,5018,5018,5120,30,13,0.0356,0,57,0.5512,0.1947,0.0889,1.898,0.0,0.0,0.004,0.598,0.4797,0.2918,0.0671,0.1523,0.4662,0.1481,0.0222,0.1062,0.1934,0.0731,0.0148,0.0393,0.1125,4.8198,1.4369,2.413,9.697,0.0,0.0,0.0,0.0,0.0,0.0,0.0,0.0,0.1193,0.0669,0.0229,0.2753,17.2591,9.6862,3.32,39.844,0.2937,0.0573,0.1718,0.3953
iccad3,NHSCAD31011_8,FP,NHS,HS,layercam,10,5018,5018,5120,30,13,0.0356,0,57,0.5339,0.221,0.1126,1.727,0.0,0.0,0.0229,3.388,0.4848,0.2918,0.0671,0.1523,0.4662,0.1481,0.0222,0.1062,0.1934,0.0731,0.0148,0.0393,0.1125,4.8198,1.4369,2.413,9.697,0.0,0.0,0.0,0.0,0.0,0.0,0.0,0.0,0.1193,0.0669,0.0229,0.2753,17.2591,9.6862,3.32,39.844,0.2937,0.0573,0.1718,0.3953
iccad3,NHSCAD31011_8,FP,NHS,HS,occlusion,10,5018,5018,5120,30,13,0.0356,0,57,0.5526,0.2499,0.1246,1.569,0.0,0.0,0.0013,0.199,0.4965,0.2918,0.0671,0.1523,0.4662,0.1481,0.0222,0.1062,0.1934,0.0731,0.0148,0.0393,0.1125,4.8198,1.4369,2.413,9.697,0.0,0.0,0.0,0.0,0.0,0.0,0.0,0.0,0.1193,0.0669,0.0229,0.2753,17.2591,9.6862,3.32,39.844,0.2937,0.0573,0.1718,0.3953
iccad3,NHSCAD31011_8,FP,NHS,HS,gradcam,20,10035,10035,10240,30,13,0.0356,0,57,0.4845,0.2218,0.1139,1.846,0.0,0.0,0.4885,36.074,0.4349,0.3239,0.0468,0.1946,0.4307,0.1591,0.0167,0.113,0.2044,0.0786,0.0106,0.0483,0.1011,4.5024,1.005,2.71,6.8,0.0,0.0,0.0,0.0,0.0,0.0,0.0,0.0,0.1959,0.0742,0.0594,0.363,14.1764,5.3717,4.297,26.27,0.3213,0.0381,0.232,0.4338
iccad3,NHSCAD31011_8,FP,NHS,HS,gradcam_plus,20,10035,10035,10240,30,13,0.0356,0,57,0.4516,0.1856,0.0939,2.898,0.0,0.0,0.0526,3.886,0.4258,0.3239,0.0468,0.1946,0.4307,0.1591,0.0167,0.113,0.2044,0.0786,0.0106,0.0483,0.1011,4.5024,1.005,2.71,6.8,0.0,0.0,0.0,0.0,0.0,0.0,0.0,0.0,0.1959,0.0742,0.0594,0.363,14.1764,5.3717,4.297,26.27,0.3213,0.0381,0.232,0.4338
iccad3,NHSCAD31011_8,FP,NHS,HS,layercam,20,10035,10035,10240,30,13,0.0356,0,57,0.5014,0.2158,0.1093,1.861,0.0,0.0,0.1201,8.869,0.4508,0.3239,0.0468,0.1946,0.4307,0.1591,0.0167,0.113,0.2044,0.0786,0.0106,0.0483,0.1011,4.5024,1.005,2.71,6.8,0.0,0.0,0.0,0.0,0.0,0.0,0.0,0.0,0.1959,0.0742,0.0594,0.363,14.1764,5.3717,4.297,26.27,0.3213,0.0381,0.232,0.4338
iccad3,NHSCAD31011_8,FP,NHS,HS,occlusion,20,10035,10035,10240,30,13,0.0356,0,57,0.4549,0.2132,0.1063,2.504,0.0,0.0,0.1498,11.061,0.4306,0.3239,0.0468,0.1946,0.4307,0.1591,0.0167,0.113,0.2044,0.0786,0.0106,0.0483,0.1011,4.5024,1.005,2.71,6.8,0.0,0.0,0.0,0.0,0.0,0.0,0.0,0.0,0.1959,0.0742,0.0594,0.363,14.1764,5.3717,4.297,26.27,0.3213,0.0381,0.232,0.4338
iccad3,NHSCAD31011_8,FP,NHS,HS,gradcam,30,15053,15053,15360,30,13,0.0356,0,57,0.3995,0.2154,0.0998,2.121,0.0,0.0,0.6667,32.817,0.4149,0.309,0.0292,0.2137,0.365,0.1561,0.011,0.1153,0.1747,0.076,0.0064,0.0537,0.086,4.8899,0.7419,3.834,7.304,0.0,0.0,0.0,0.0,0.0,0.0,0.0,0.0,0.3198,0.0889,0.0945,0.4575,15.4275,4.2881,4.557,22.07,0.311,0.0263,0.2237,0.3665
iccad3,NHSCAD31011_8,FP,NHS,HS,gradcam_plus,30,15053,15053,15360,30,13,0.0356,0,57,0.4008,0.1732,0.0875,3.824,0.0,0.0,0.1323,6.51,0.3814,0.309,0.0292,0.2137,0.365,0.1561,0.011,0.1153,0.1747,0.076,0.0064,0.0537,0.086,4.8899,0.7419,3.834,7.304,0.0,0.0,0.0,0.0,0.0,0.0,0.0,0.0,0.3198,0.0889,0.0945,0.4575,15.4275,4.2881,4.557,22.07,0.311,0.0263,0.2237,0.3665
iccad3,NHSCAD31011_8,FP,NHS,HS,layercam,30,15053,15053,15360,30,13,0.0356,0,57,0.4834,0.2152,0.1084,1.989,0.0,0.0,0.2848,14.017,0.4283,0.309,0.0292,0.2137,0.365,0.1561,0.011,0.1153,0.1747,0.076,0.0064,0.0537,0.086,4.8899,0.7419,3.834,7.304,0.0,0.0,0.0,0.0,0.0,0.0,0.0,0.0,0.3198,0.0889,0.0945,0.4575,15.4275,4.2881,4.557,22.07,0.311,0.0263,0.2237,0.3665
iccad3,NHSCAD31011_8,FP,NHS,HS,occlusion,30,15053,15053,15360,30,13,0.0356,0,57,0.4022,0.1927,0.0981,3.147,0.0,0.0,0.3333,16.409,0.3759,0.309,0.0292,0.2137,0.365,0.1561,0.011,0.1153,0.1747,0.076,0.0064,0.0537,0.086,4.8899,0.7419,3.834,7.304,0.0,0.0,0.0,0.0,0.0,0.0,0.0,0.0,0.3198,0.0889,0.0945,0.4575,15.4275,4.2881,4.557,22.07,0.311,0.0263,0.2237,0.3665
iccad3,HSCAD31075,FN,HS,NHS,gradcam,10,5018,5018,5120,30,8,0.0342,4,44,0.1748,0.1736,0.0413,13.023,0.0,0.0,0.049,5.58,0.1792,0.1646,0.0741,0.0273,0.3277,0.164,0.0508,0.0697,0.2828,0.039,0.0158,0.0094,0.0727,12.8443,4.4906,5.792,21.539,0.1,0.3,0.0,1.0,0.4688,1.4064,0.0,4.688,0.101,0.053,0.0455,0.2587,11.2824,5.9277,5.078,28.906,0.1705,0.0515,0.0623,0.2677
iccad3,HSCAD31075,FN,HS,NHS,gradcam_plus,10,5018,5018,5120,30,8,0.0342,4,44,0.1748,0.1736,0.0413,13.023,0.0,0.0,0.049,5.58,0.1792,0.1646,0.0741,0.0273,0.3277,0.164,0.0508,0.0697,0.2828,0.039,0.0158,0.0094,0.0727,12.8443,4.4906,5.792,21.539,0.1,0.3,0.0,1.0,0.4688,1.4064,0.0,4.688,0.101,0.053,0.0455,0.2587,11.2824,5.9277,5.078,28.906,0.1705,0.0515,0.0623,0.2677
iccad3,HSCAD31075,FN,HS,NHS,layercam,10,5018,5018,5120,30,8,0.0342,4,44,0.5397,0.2856,0.103,2.592,0.0,0.0,0.1329,15.145,0.3435,0.1646,0.0741,0.0273,0.3277,0.164,0.0508,0.0697,0.2828,0.039,0.0158,0.0094,0.0727,12.8443,4.4906,5.792,21.539,0.1,0.3,0.0,1.0,0.4688,1.4064,0.0,4.688,0.101,0.053,0.0455,0.2587,11.2824,5.9277,5.078,28.906,0.1705,0.0515,0.0623,0.2677
iccad3,HSCAD31075,FN,HS,NHS,occlusion,10,5018,5018,5120,30,8,0.0342,4,44,0.4213,0.3697,0.0972,2.805,0.0,0.0,0.0612,6.975,0.3775,0.1646,0.0741,0.0273,0.3277,0.164,0.0508,0.0697,0.2828,0.039,0.0158,0.0094,0.0727,12.8443,4.4906,5.792,21.539,0.1,0.3,0.0,1.0,0.4688,1.4064,0.0,4.688,0.101,0.053,0.0455,0.2587,11.2824,5.9277,5.078,28.906,0.1705,0.0515,0.0623,0.2677
iccad3,HSCAD31075,FN,HS,NHS,gradcam,20,10035,10035,10240,30,8,0.0342,4,44,0.1931,0.1795,0.0442,12.625,1.0,2.392,0.1381,7.872,0.1939,0.1605,0.0563,0.0475,0.3443,0.1602,0.0359,0.0894,0.2749,0.0379,0.0119,0.0126,0.0768,14.7616,3.4369,6.888,21.833,0.3667,0.4819,0.0,1.0,0.8595,1.1296,0.0,2.344,0.1836,0.0718,0.0559,0.3409,10.2571,4.0124,3.125,19.043,0.1665,0.0371,0.0898,0.2856
iccad3,HSCAD31075,FN,HS,NHS,gradcam_plus,20,10035,10035,10240,30,8,0.0342,4,44,0.1931,0.1795,0.0442,12.625,1.0,2.392,0.1381,7.872,0.1939,0.1605,0.0563,0.0475,0.3443,0.1602,0.0359,0.0894,0.2749,0.0379,0.0119,0.0126,0.0768,14.7616,3.4369,6.888,21.833,0.3667,0.4819,0.0,1.0,0.8595,1.1296,0.0,2.344,0.1836,0.0718,0.0559,0.3409,10.2571,4.0124,3.125,19.043,0.1665,0.0371,0.0898,0.2856
iccad3,HSCAD31075,FN,HS,NHS,layercam,20,10035,10035,10240,30,8,0.0342,4,44,0.4501,0.3137,0.0951,3.055,0.0,0.0,0.3199,18.236,0.3253,0.1605,0.0563,0.0475,0.3443,0.1602,0.0359,0.0894,0.2749,0.0379,0.0119,0.0126,0.0768,14.7616,3.4369,6.888,21.833,0.3667,0.4819,0.0,1.0,0.8595,1.1296,0.0,2.344,0.1836,0.0718,0.0559,0.3409,10.2571,4.0124,3.125,19.043,0.1665,0.0371,0.0898,0.2856
iccad3,HSCAD31075,FN,HS,NHS,occlusion,20,10035,10035,10240,30,8,0.0342,4,44,0.3637,0.3159,0.0847,4.443,0.0,0.0,0.1136,6.477,0.3228,0.1605,0.0563,0.0475,0.3443,0.1602,0.0359,0.0894,0.2749,0.0379,0.0119,0.0126,0.0768,14.7616,3.4369,6.888,21.833,0.3667,0.4819,0.0,1.0,0.8595,1.1296,0.0,2.344,0.1836,0.0718,0.0559,0.3409,10.2571,4.0124,3.125,19.043,0.1665,0.0371,0.0898,0.2856
iccad3,HSCAD31075,FN,HS,NHS,gradcam,30,15053,15053,15360,30,8,0.0342,4,44,0.1606,0.1505,0.0373,14.072,1.0,1.594,0.1801,6.842,0.1644,0.1753,0.0377,0.109,0.251,0.1715,0.0295,0.1219,0.2327,0.0413,0.0082,0.0266,0.0608,14.2907,2.9831,8.627,21.427,0.1667,0.3727,0.0,1.0,0.2603,0.5821,0.0,1.562,0.3027,0.0889,0.1049,0.5,11.2716,3.3106,3.906,18.62,0.1726,0.0295,0.1221,0.2295
iccad3,HSCAD31075,FN,HS,NHS,gradcam_plus,30,15053,15053,15360,30,8,0.0342,4,44,0.1606,0.1505,0.0373,14.072,1.0,1.594,0.1801,6.842,0.1644,0.1753,0.0377,0.109,0.251,0.1715,0.0295,0.1219,0.2327,0.0413,0.0082,0.0266,0.0608,14.2907,2.9831,8.627,21.427,0.1667,0.3727,0.0,1.0,0.2603,0.5821,0.0,1.562,0.3027,0.0889,0.1049,0.5,11.2716,3.3106,3.906,18.62,0.1726,0.0295,0.1221,0.2295
iccad3,HSCAD31075,FN,HS,NHS,layercam,30,15053,15053,15360,30,8,0.0342,4,44,0.3921,0.299,0.0858,3.753,0.0,0.0,0.4143,15.744,0.3026,0.1753,0.0377,0.109,0.251,0.1715,0.0295,0.1219,0.2327,0.0413,0.0082,0.0266,0.0608,14.2907,2.9831,8.627,21.427,0.1667,0.3727,0.0,1.0,0.2603,0.5821,0.0,1.562,0.3027,0.0889,0.1049,0.5,11.2716,3.3106,3.906,18.62,0.1726,0.0295,0.1221,0.2295
iccad3,HSCAD31075,FN,HS,NHS,occlusion,30,15053,15053,15360,30,8,0.0342,4,44,0.2785,0.2594,0.0638,6.624,0.0,0.0,0.1469,5.58,0.2693,0.1753,0.0377,0.109,0.251,0.1715,0.0295,0.1219,0.2327,0.0413,0.0082,0.0266,0.0608,14.2907,2.9831,8.627,21.427,0.1667,0.3727,0.0,1.0,0.2603,0.5821,0.0,1.562,0.3027,0.0889,0.1049,0.5,11.2716,3.3106,3.906,18.62,0.1726,0.0295,0.1221,0.2295
iccad3,HSCAD3129,FN,HS,NHS,gradcam,10,5018,5018,5120,30,9,0.0425,5,55,0.2346,0.2152,0.0538,9.51,0.6216,4.583,0.0741,10.562,0.2318,0.1779,0.0731,0.0627,0.3516,0.1761,0.0696,0.0637,0.3734,0.0435,0.0171,0.0168,0.0826,10.4117,3.1919,4.72,17.401,0.0333,0.1305,0.0,0.6486,0.2409,0.9431,0.0,4.688,0.0929,0.0373,0.0,0.1888,12.9688,5.2051,0.0,26.367,0.176,0.0618,0.0773,0.3495
iccad3,HSCAD3129,FN,HS,NHS,gradcam_plus,10,5018,5018,5120,30,9,0.0425,5,55,0.2346,0.2152,0.0538,9.51,0.6216,4.583,0.0741,10.562,0.2318,0.1779,0.0731,0.0627,0.3516,0.1761,0.0696,0.0637,0.3734,0.0435,0.0171,0.0168,0.0826,10.4117,3.1919,4.72,17.401,0.0333,0.1305,0.0,0.6486,0.2409,0.9431,0.0,4.688,0.0929,0.0373,0.0,0.1888,12.9688,5.2051,0.0,26.367,0.176,0.0618,0.0773,0.3495
iccad3,HSCAD3129,FN,HS,NHS,layercam,10,5018,5018,5120,30,9,0.0425,5,55,0.3705,0.3055,0.0747,3.396,0.5135,3.786,0.2294,32.682,0.2813,0.1779,0.0731,0.0627,0.3516,0.1761,0.0696,0.0637,0.3734,0.0435,0.0171,0.0168,0.0826,10.4117,3.1919,4.72,17.401,0.0333,0.1305,0.0,0.6486,0.2409,0.9431,0.0,4.688,0.0929,0.0373,0.0,0.1888,12.9688,5.2051,0.0,26.367,0.176,0.0618,0.0773,0.3495
iccad3,HSCAD3129,FN,HS,NHS,occlusion,10,5018,5018,5120,30,9,0.0425,5,55,0.5136,0.3834,0.112,2.191,0.0,0.0,0.0,0.0,0.4156,0.1779,0.0731,0.0627,0.3516,0.1761,0.0696,0.0637,0.3734,0.0435,0.0171,0.0168,0.0826,10.4117,3.1919,4.72,17.401,0.0333,0.1305,0.0,0.6486,0.2409,0.9431,0.0,4.688,0.0929,0.0373,0.0,0.1888,12.9688,5.2051,0.0,26.367,0.176,0.0618,0.0773,0.3495
iccad3,HSCAD3129,FN,HS,NHS,gradcam,20,10035,10035,10240,30,9,0.0425,5,55,0.2309,0.2246,0.055,9.383,0.6216,2.292,0.1287,9.168,0.2355,0.1787,0.0546,0.0938,0.3222,0.1785,0.0478,0.0964,0.2854,0.0431,0.0123,0.0236,0.0691,10.6784,2.1992,7.237,15.427,0.1784,0.251,0.0,0.6486,0.6447,0.907,0.0,2.344,0.1781,0.0667,0.0517,0.2965,12.4349,4.657,3.613,20.703,0.1782,0.046,0.1017,0.3012
iccad3,HSCAD3129,FN,HS,NHS,gradcam_plus,20,10035,10035,10240,30,9,0.0425,5,55,0.2309,0.2246,0.055,9.383,0.6216,2.292,0.1287,9.168,0.2355,0.1787,0.0546,0.0938,0.3222,0.1785,0.0478,0.0964,0.2854,0.0431,0.0123,0.0236,0.0691,10.6784,2.1992,7.237,15.427,0.1784,0.251,0.0,0.6486,0.6447,0.907,0.0,2.344,0.1781,0.0667,0.0517,0.2965,12.4349,4.657,3.613,20.703,0.1782,0.046,0.1017,0.3012
iccad3,HSCAD3129,FN,HS,NHS,layercam,20,10035,10035,10240,30,9,0.0425,5,55,0.3136,0.288,0.0712,4.011,0.9459,3.488,0.3608,25.71,0.2695,0.1787,0.0546,0.0938,0.3222,0.1785,0.0478,0.0964,0.2854,0.0431,0.0123,0.0236,0.0691,10.6784,2.1992,7.237,15.427,0.1784,0.251,0.0,0.6486,0.6447,0.907,0.0,2.344,0.1781,0.0667,0.0517,0.2965,12.4349,4.657,3.613,20.703,0.1782,0.046,0.1017,0.3012
iccad3,HSCAD3129,FN,HS,NHS,occlusion,20,10035,10035,10240,30,9,0.0425,5,55,0.4593,0.358,0.1007,3.016,0.0,0.0,0.1077,7.673,0.3704,0.1787,0.0546,0.0938,0.3222,0.1785,0.0478,0.0964,0.2854,0.0431,0.0123,0.0236,0.0691,10.6784,2.1992,7.237,15.427,0.1784,0.251,0.0,0.6486,0.6447,0.907,0.0,2.344,0.1781,0.0667,0.0517,0.2965,12.4349,4.657,3.613,20.703,0.1782,0.046,0.1017,0.3012
iccad3,HSCAD3129,FN,HS,NHS,gradcam,30,15053,15053,15360,30,9,0.0425,5,55,0.2177,0.2197,0.0541,9.45,0.6486,1.594,0.3203,15.213,0.2163,0.1721,0.04,0.093,0.24,0.1773,0.0327,0.1157,0.2348,0.0424,0.0091,0.0242,0.0557,10.6548,1.5333,7.541,13.939,0.3432,0.3223,0.0,1.0,0.8266,0.7763,0.0,2.409,0.3087,0.0697,0.1259,0.4517,14.3685,3.2463,5.859,21.029,0.173,0.0301,0.1125,0.2165
iccad3,HSCAD3129,FN,HS,NHS,gradcam_plus,30,15053,15053,15360,30,9,0.0425,5,55,0.2177,0.2197,0.0541,9.45,0.6486,1.594,0.3203,15.213,0.2163,0.1721,0.04,0.093,0.24,0.1773,0.0327,0.1157,0.2348,0.0424,0.0091,0.0242,0.0557,10.6548,1.5333,7.541,13.939,0.3432,0.3223,0.0,1.0,0.8266,0.7763,0.0,2.409,0.3087,0.0697,0.1259,0.4517,14.3685,3.2463,5.859,21.029,0.173,0.0301,0.1125,0.2165
iccad3,HSCAD3129,FN,HS,NHS,layercam,30,15053,15053,15360,30,9,0.0425,5,55,0.288,0.2791,0.0696,4.472,1.0,2.458,0.5399,25.643,0.2606,0.1721,0.04,0.093,0.24,0.1773,0.0327,0.1157,0.2348,0.0424,0.0091,0.0242,0.0557,10.6548,1.5333,7.541,13.939,0.3432,0.3223,0.0,1.0,0.8266,0.7763,0.0,2.409,0.3087,0.0697,0.1259,0.4517,14.3685,3.2463,5.859,21.029,0.173,0.0301,0.1125,0.2165
iccad3,HSCAD3129,FN,HS,NHS,occlusion,30,15053,15053,15360,30,9,0.0425,5,55,0.3735,0.3322,0.0836,4.03,0.3514,0.864,0.2685,12.755,0.3321,0.1721,0.04,0.093,0.24,0.1773,0.0327,0.1157,0.2348,0.0424,0.0091,0.0242,0.0557,10.6548,1.5333,7.541,13.939,0.3432,0.3223,0.0,1.0,0.8266,0.7763,0.0,2.409,0.3087,0.0697,0.1259,0.4517,14.3685,3.2463,5.859,21.029,0.173,0.0301,0.1125,0.2165
iccad3,HSCAD31751,FN,HS,NHS,gradcam,10,5018,5018,5120,30,6,0.0311,0,24,0.1467,0.2005,0.0367,33.497,0.0,0.0,0.0,0.0,0.146,0.1194,0.0627,0.0,0.2437,0.1927,0.0753,0.0291,0.3506,0.0321,0.0151,0.0,0.0574,26.6043,13.8262,11.061,69.184,0.0,0.0,0.0,0.0,0.0,0.0,0.0,0.0,0.0957,0.0841,0.0,0.2853,5.8333,5.1224,0.0,17.383,0.116,0.0515,0.0139,0.202
iccad3,HSCAD31751,FN,HS,NHS,gradcam_plus,10,5018,5018,5120,30,6,0.0311,0,24,0.1467,0.2005,0.0367,33.497,0.0,0.0,0.0,0.0,0.146,0.1194,0.0627,0.0,0.2437,0.1927,0.0753,0.0291,0.3506,0.0321,0.0151,0.0,0.0574,26.6043,13.8262,11.061,69.184,0.0,0.0,0.0,0.0,0.0,0.0,0.0,0.0,0.0957,0.0841,0.0,0.2853,5.8333,5.1224,0.0,17.383,0.116,0.0515,0.0139,0.202
iccad3,HSCAD31751,FN,HS,NHS,layercam,10,5018,5018,5120,30,6,0.0311,0,24,0.401,0.4705,0.0919,2.963,0.0,0.0,0.5641,35.074,0.2674,0.1194,0.0627,0.0,0.2437,0.1927,0.0753,0.0291,0.3506,0.0321,0.0151,0.0,0.0574,26.6043,13.8262,11.061,69.184,0.0,0.0,0.0,0.0,0.0,0.0,0.0,0.0,0.0957,0.0841,0.0,0.2853,5.8333,5.1224,0.0,17.383,0.116,0.0515,0.0139,0.202
iccad3,HSCAD31751,FN,HS,NHS,occlusion,10,5018,5018,5120,30,6,0.0311,0,24,0.2965,0.4155,0.0829,4.947,0.0,0.0,0.0,0.0,0.2715,0.1194,0.0627,0.0,0.2437,0.1927,0.0753,0.0291,0.3506,0.0321,0.0151,0.0,0.0574,26.6043,13.8262,11.061,69.184,0.0,0.0,0.0,0.0,0.0,0.0,0.0,0.0,0.0957,0.0841,0.0,0.2853,5.8333,5.1224,0.0,17.383,0.116,0.0515,0.0139,0.202
iccad3,HSCAD31751,FN,HS,NHS,gradcam,20,10035,10035,10240,30,6,0.0311,0,24,0.1444,0.1984,0.0361,33.38,0.0,0.0,0.0,0.0,0.1441,0.1073,0.0468,0.0299,0.2207,0.1814,0.0523,0.0883,0.2898,0.0286,0.0106,0.012,0.0577,27.041,8.0229,10.921,42.969,0.0,0.0,0.0,0.0,0.0,0.0,0.0,0.0,0.1797,0.0991,0.0,0.3654,5.4753,3.0197,0.0,11.133,0.1089,0.0367,0.0498,0.1792
iccad3,HSCAD31751,FN,HS,NHS,gradcam_plus,20,10035,10035,10240,30,6,0.0311,0,24,0.1444,0.1984,0.0361,33.38,0.0,0.0,0.0,0.0,0.1441,0.1073,0.0468,0.0299,0.2207,0.1814,0.0523,0.0883,0.2898,0.0286,0.0106,0.012,0.0577,27.041,8.0229,10.921,42.969,0.0,0.0,0.0,0.0,0.0,0.0,0.0,0.0,0.1797,0.0991,0.0,0.3654,5.4753,3.0197,0.0,11.133,0.1089,0.0367,0.0498,0.1792
iccad3,HSCAD31751,FN,HS,NHS,layercam,20,10035,10035,10240,30,6,0.0311,0,24,0.3236,0.4295,0.0816,4.871,0.0,0.0,0.7853,24.415,0.2419,0.1073,0.0468,0.0299,0.2207,0.1814,0.0523,0.0883,0.2898,0.0286,0.0106,0.012,0.0577,27.041,8.0229,10.921,42.969,0.0,0.0,0.0,0.0,0.0,0.0,0.0,0.0,0.1797,0.0991,0.0,0.3654,5.4753,3.0197,0.0,11.133,0.1089,0.0367,0.0498,0.1792
iccad3,HSCAD31751,FN,HS,NHS,occlusion,20,10035,10035,10240,30,6,0.0311,0,24,0.2884,0.3929,0.0761,5.327,0.0,0.0,0.1667,5.182,0.2592,0.1073,0.0468,0.0299,0.2207,0.1814,0.0523,0.0883,0.2898,0.0286,0.0106,0.012,0.0577,27.041,8.0229,10.921,42.969,0.0,0.0,0.0,0.0,0.0,0.0,0.0,0.0,0.1797,0.0991,0.0,0.3654,5.4753,3.0197,0.0,11.133,0.1089,0.0367,0.0498,0.1792
iccad3,HSCAD31751,FN,HS,NHS,gradcam,30,15053,15053,15360,30,6,0.0311,0,24,0.1386,0.2014,0.0359,33.642,0.0,0.0,0.2917,6.045,0.1342,0.1132,0.0277,0.0548,0.1801,0.1937,0.0415,0.0922,0.2583,0.0302,0.0078,0.0129,0.0441,26.0437,5.9215,15.196,38.664,0.0,0.0,0.0,0.0,0.0,0.0,0.0,0.0,0.3145,0.1148,0.0929,0.5577,6.3888,2.3316,1.888,11.328,0.1141,0.0253,0.055,0.1627
iccad3,HSCAD31751,FN,HS,NHS,gradcam_plus,30,15053,15053,15360,30,6,0.0311,0,24,0.1386,0.2014,0.0359,33.642,0.0,0.0,0.2917,6.045,0.1342,0.1132,0.0277,0.0548,0.1801,0.1937,0.0415,0.0922,0.2583,0.0302,0.0078,0.0129,0.0441,26.0437,5.9215,15.196,38.664,0.0,0.0,0.0,0.0,0.0,0.0,0.0,0.0,0.3145,0.1148,0.0929,0.5577,6.3888,2.3316,1.888,11.328,0.1141,0.0253,0.055,0.1627
iccad3,HSCAD31751,FN,HS,NHS,layercam,30,15053,15053,15360,30,6,0.0311,0,24,0.2661,0.37,0.0674,7.989,0.0,0.0,0.9135,18.933,0.2127,0.1132,0.0277,0.0548,0.1801,0.1937,0.0415,0.0922,0.2583,0.0302,0.0078,0.0129,0.0441,26.0437,5.9215,15.196,38.664,0.0,0.0,0.0,0.0,0.0,0.0,0.0,0.0,0.3145,0.1148,0.0929,0.5577,6.3888,2.3316,1.888,11.328,0.1141,0.0253,0.055,0.1627
iccad3,HSCAD31751,FN,HS,NHS,occlusion,30,15053,15053,15360,30,6,0.0311,0,24,0.2271,0.3448,0.059,6.793,0.0,0.0,0.2308,4.783,0.2246,0.1132,0.0277,0.0548,0.1801,0.1937,0.0415,0.0922,0.2583,0.0302,0.0078,0.0129,0.0441,26.0437,5.9215,15.196,38.664,0.0,0.0,0.0,0.0,0.0,0.0,0.0,0.0,0.3145,0.1148,0.0929,0.5577,6.3888,2.3316,1.888,11.328,0.1141,0.0253,0.055,0.1627
iccad4,HSCAD427,TP,HS,HS,gradcam,10,5018,5018,5120,30,13,0.0344,0,51,0.4265,0.3802,0.1078,1.704,0.0,0.0,0.187,24.711,0.4273,0.2247,0.0652,0.1221,0.3479,0.1765,0.0401,0.1016,0.2539,0.0556,0.0153,0.0311,0.083,7.487,2.2427,4.29,13.603,0.0,0.0,0.0,0.0,0.0,0.0,0.0,0.0,0.0928,0.0508,0.0015,0.2202,12.0181,6.58,0.195,28.516,0.2301,0.047,0.1506,0.3152
iccad4,HSCAD427,TP,HS,HS,gradcam_plus,10,5018,5018,5120,30,13,0.0344,0,51,0.1758,0.2218,0.0845,7.643,0.0,0.0,0.1161,15.345,0.2293,0.2247,0.0652,0.1221,0.3479,0.1765,0.0401,0.1016,0.2539,0.0556,0.0153,0.0311,0.083,7.487,2.2427,4.29,13.603,0.0,0.0,0.0,0.0,0.0,0.0,0.0,0.0,0.0928,0.0508,0.0015,0.2202,12.0181,6.58,0.195,28.516,0.2301,0.047,0.1506,0.3152
iccad4,HSCAD427,TP,HS,HS,layercam,10,5018,5018,5120,30,13,0.0344,0,51,0.3617,0.2838,0.0837,2.913,0.0,0.0,0.276,36.469,0.3495,0.2247,0.0652,0.1221,0.3479,0.1765,0.0401,0.1016,0.2539,0.0556,0.0153,0.0311,0.083,7.487,2.2427,4.29,13.603,0.0,0.0,0.0,0.0,0.0,0.0,0.0,0.0,0.0928,0.0508,0.0015,0.2202,12.0181,6.58,0.195,28.516,0.2301,0.047,0.1506,0.3152
iccad4,HSCAD427,TP,HS,HS,occlusion,10,5018,5018,5120,30,13,0.0344,0,51,0.3796,0.271,0.0943,3.28,0.0,0.0,0.3047,40.255,0.3396,0.2247,0.0652,0.1221,0.3479,0.1765,0.0401,0.1016,0.2539,0.0556,0.0153,0.0311,0.083,7.487,2.2427,4.29,13.603,0.0,0.0,0.0,0.0,0.0,0.0,0.0,0.0,0.0928,0.0508,0.0015,0.2202,12.0181,6.58,0.195,28.516,0.2301,0.047,0.1506,0.3152
iccad4,HSCAD427,TP,HS,HS,gradcam,20,10035,10035,10240,30,13,0.0344,0,51,0.4727,0.3551,0.1213,1.663,0.0,0.0,0.3499,23.119,0.4164,0.2345,0.0449,0.1317,0.3144,0.1844,0.0269,0.1285,0.2356,0.0583,0.0112,0.0335,0.0785,7.3406,1.4897,4.348,10.16,0.0,0.0,0.0,0.0,0.0,0.0,0.0,0.0,0.195,0.0705,0.0513,0.3786,12.6236,4.568,3.32,24.512,0.2376,0.0312,0.1672,0.3001
iccad4,HSCAD427,TP,HS,HS,gradcam_plus,20,10035,10035,10240,30,13,0.0344,0,51,0.2634,0.205,0.0829,7.386,0.0,0.0,0.3122,20.628,0.2445,0.2345,0.0449,0.1317,0.3144,0.1844,0.0269,0.1285,0.2356,0.0583,0.0112,0.0335,0.0785,7.3406,1.4897,4.348,10.16,0.0,0.0,0.0,0.0,0.0,0.0,0.0,0.0,0.195,0.0705,0.0513,0.3786,12.6236,4.568,3.32,24.512,0.2376,0.0312,0.1672,0.3001
iccad4,HSCAD427,TP,HS,HS,layercam,20,10035,10035,10240,30,13,0.0344,0,51,0.3376,0.2672,0.0763,3.189,0.0,0.0,0.5551,36.672,0.3273,0.2345,0.0449,0.1317,0.3144,0.1844,0.0269,0.1285,0.2356,0.0583,0.0112,0.0335,0.0785,7.3406,1.4897,4.348,10.16,0.0,0.0,0.0,0.0,0.0,0.0,0.0,0.0,0.195,0.0705,0.0513,0.3786,12.6236,4.568,3.32,24.512,0.2376,0.0312,0.1672,0.3001
iccad4,HSCAD427,TP,HS,HS,occlusion,20,10035,10035,10240,30,13,0.0344,0,51,0.3737,0.2626,0.0936,3.505,0.0,0.0,0.5098,33.682,0.3303,0.2345,0.0449,0.1317,0.3144,0.1844,0.0269,0.1285,0.2356,0.0583,0.0112,0.0335,0.0785,7.3406,1.4897,4.348,10.16,0.0,0.0,0.0,0.0,0.0,0.0,0.0,0.0,0.195,0.0705,0.0513,0.3786,12.6236,4.568,3.32,24.512,0.2376,0.0312,0.1672,0.3001
iccad4,HSCAD427,TP,HS,HS,gradcam,30,15053,15053,15360,30,13,0.0344,0,51,0.4911,0.3408,0.118,1.718,0.0,0.0,0.6395,28.167,0.4097,0.2544,0.0292,0.2012,0.3096,0.1959,0.0175,0.1637,0.2346,0.0633,0.0069,0.0499,0.0781,6.3969,1.0154,4.475,9.181,0.0,0.0,0.0,0.0,0.0,0.0,0.0,0.0,0.3085,0.0776,0.178,0.451,13.316,3.35,7.682,19.466,0.2544,0.0214,0.2112,0.2997
iccad4,HSCAD427,TP,HS,HS,gradcam_plus,30,15053,15053,15360,30,13,0.0344,0,51,0.2564,0.2269,0.0672,7.035,0.0,0.0,0.3725,16.409,0.2426,0.2544,0.0292,0.2012,0.3096,0.1959,0.0175,0.1637,0.2346,0.0633,0.0069,0.0499,0.0781,6.3969,1.0154,4.475,9.181,0.0,0.0,0.0,0.0,0.0,0.0,0.0,0.0,0.3085,0.0776,0.178,0.451,13.316,3.35,7.682,19.466,0.2544,0.0214,0.2112,0.2997
iccad4,HSCAD427,TP,HS,HS,layercam,30,15053,15053,15360,30,13,0.0344,0,51,0.328,0.2513,0.0769,3.547,0.0,0.0,0.7195,31.688,0.3138,0.2544,0.0292,0.2012,0.3096,0.1959,0.0175,0.1637,0.2346,0.0633,0.0069,0.0499,0.0781,6.3969,1.0154,4.475,9.181,0.0,0.0,0.0,0.0,0.0,0.0,0.0,0.0,0.3085,0.0776,0.178,0.451,13.316,3.35,7.682,19.466,0.2544,0.0214,0.2112,0.2997
iccad4,HSCAD427,TP,HS,HS,occlusion,30,15053,15053,15360,30,13,0.0344,0,51,0.388,0.2588,0.0947,3.376,0.0,0.0,0.549,24.181,0.3342,0.2544,0.0292,0.2012,0.3096,0.1959,0.0175,0.1637,0.2346,0.0633,0.0069,0.0499,0.0781,6.3969,1.0154,4.475,9.181,0.0,0.0,0.0,0.0,0.0,0.0,0.0,0.0,0.3085,0.0776,0.178,0.451,13.316,3.35,7.682,19.466,0.2544,0.0214,0.2112,0.2997
iccad4,HSCAD4158,TP,HS,HS,gradcam,10,5018,5018,5120,30,9,0.0346,0,38,0.4793,0.5104,0.1176,1.659,0.0,0.0,0.4008,39.458,0.4152,0.1481,0.0639,0.0141,0.3279,0.1804,0.0641,0.0508,0.3326,0.0359,0.0152,0.0047,0.0789,20.8786,10.9254,4.467,45.962,0.0,0.0,0.0,0.0,0.0,0.0,0.0,0.0,0.098,0.0773,0.0,0.3158,9.453,7.46,0.0,30.469,0.1424,0.0496,0.0292,0.2768
iccad4,HSCAD4158,TP,HS,HS,gradcam_plus,10,5018,5018,5120,30,9,0.0346,0,38,0.4849,0.4853,0.125,1.732,0.0,0.0,0.6012,59.187,0.325,0.1481,0.0639,0.0141,0.3279,0.1804,0.0641,0.0508,0.3326,0.0359,0.0152,0.0047,0.0789,20.8786,10.9254,4.467,45.962,0.0,0.0,0.0,0.0,0.0,0.0,0.0,0.0,0.098,0.0773,0.0,0.3158,9.453,7.46,0.0,30.469,0.1424,0.0496,0.0292,0.2768
iccad4,HSCAD4158,TP,HS,HS,layercam,10,5018,5018,5120,30,9,0.0346,0,38,0.2826,0.4725,0.0737,3.284,0.0,0.0,0.3887,38.262,0.337,0.1481,0.0639,0.0141,0.3279,0.1804,0.0641,0.0508,0.3326,0.0359,0.0152,0.0047,0.0789,20.8786,10.9254,4.467,45.962,0.0,0.0,0.0,0.0,0.0,0.0,0.0,0.0,0.098,0.0773,0.0,0.3158,9.453,7.46,0.0,30.469,0.1424,0.0496,0.0292,0.2768
iccad4,HSCAD4158,TP,HS,HS,occlusion,10,5018,5018,5120,30,9,0.0346,0,38,0.3665,0.4416,0.0925,3.126,0.0,0.0,0.4575,45.038,0.3144,0.1481,0.0639,0.0141,0.3279,0.1804,0.0641,0.0508,0.3326,0.0359,0.0152,0.0047,0.0789,20.8786,10.9254,4.467,45.962,0.0,0.0,0.0,0.0,0.0,0.0,0.0,0.0,0.098,0.0773,0.0,0.3158,9.453,7.46,0.0,30.469,0.1424,0.0496,0.0292,0.2768
iccad4,HSCAD4158,TP,HS,HS,gradcam,20,10035,10035,10240,30,9,0.0346,0,38,0.4708,0.4738,0.1124,1.94,0.0,0.0,0.8826,43.448,0.3471,0.1324,0.0478,0.049,0.2414,0.1759,0.036,0.0842,0.2267,0.0326,0.0108,0.0137,0.0562,23.2375,5.6861,14.737,37.502,0.0,0.0,0.0,0.0,0.0,0.0,0.0,0.0,0.2212,0.0802,0.0425,0.3684,10.6706,3.8682,2.051,17.773,0.134,0.0336,0.0656,0.1946
iccad4,HSCAD4158,TP,HS,HS,gradcam_plus,20,10035,10035,10240,30,9,0.0346,0,38,0.4076,0.477,0.103,2.374,0.0,0.0,0.9352,46.039,0.3072,0.1324,0.0478,0.049,0.2414,0.1759,0.036,0.0842,0.2267,0.0326,0.0108,0.0137,0.0562,23.2375,5.6861,14.737,37.502,0.0,0.0,0.0,0.0,0.0,0.0,0.0,0.0,0.2212,0.0802,0.0425,0.3684,10.6706,3.8682,2.051,17.773,0.134,0.0336,0.0656,0.1946
iccad4,HSCAD4158,TP,HS,HS,layercam,20,10035,10035,10240,30,9,0.0346,0,38,0.275,0.406,0.0686,3.937,0.0,0.0,0.6275,30.892,0.3029,0.1324,0.0478,0.049,0.2414,0.1759,0.036,0.0842,0.2267,0.0326,0.0108,0.0137,0.0562,23.2375,5.6861,14.737,37.502,0.0,0.0,0.0,0.0,0.0,0.0,0.0,0.0,0.2212,0.0802,0.0425,0.3684,10.6706,3.8682,2.051,17.773,0.134,0.0336,0.0656,0.1946
iccad4,HSCAD4158,TP,HS,HS,occlusion,20,10035,10035,10240,30,9,0.0346,0,38,0.296,0.3505,0.073,4.731,0.0,0.0,0.5101,25.112,0.2715,0.1324,0.0478,0.049,0.2414,0.1759,0.036,0.0842,0.2267,0.0326,0.0108,0.0137,0.0562,23.2375,5.6861,14.737,37.502,0.0,0.0,0.0,0.0,0.0,0.0,0.0,0.0,0.2212,0.0802,0.0425,0.3684,10.6706,3.8682,2.051,17.773,0.134,0.0336,0.0656,0.1946
iccad4,HSCAD4158,TP,HS,HS,gradcam,30,15053,15053,15360,30,9,0.0346,0,38,0.4266,0.4472,0.0953,2.402,0.0,0.0,0.9919,32.552,0.308,0.1285,0.0307,0.0344,0.1776,0.1664,0.0323,0.0934,0.252,0.0316,0.0073,0.0102,0.0456,24.3897,4.448,11.354,35.978,0.0,0.0,0.0,0.0,0.0,0.0,0.0,0.0,0.3034,0.1188,0.0526,0.6417,9.7569,3.8216,1.693,20.638,0.129,0.0262,0.0596,0.1766
iccad4,HSCAD4158,TP,HS,HS,gradcam_plus,30,15053,15053,15360,30,9,0.0346,0,38,0.37,0.421,0.084,3.195,0.0,0.0,0.9899,32.485,0.2834,0.1285,0.0307,0.0344,0.1776,0.1664,0.0323,0.0934,0.252,0.0316,0.0073,0.0102,0.0456,24.3897,4.448,11.354,35.978,0.0,0.0,0.0,0.0,0.0,0.0,0.0,0.0,0.3034,0.1188,0.0526,0.6417,9.7569,3.8216,1.693,20.638,0.129,0.0262,0.0596,0.1766
iccad4,HSCAD4158,TP,HS,HS,layercam,30,15053,15053,15360,30,9,0.0346,0,38,0.2663,0.3595,0.0624,4.6,0.0,0.0,0.8036,26.373,0.2735,0.1285,0.0307,0.0344,0.1776,0.1664,0.0323,0.0934,0.252,0.0316,0.0073,0.0102,0.0456,24.3897,4.448,11.354,35.978,0.0,0.0,0.0,0.0,0.0,0.0,0.0,0.0,0.3034,0.1188,0.0526,0.6417,9.7569,3.8216,1.693,20.638,0.129,0.0262,0.0596,0.1766
iccad4,HSCAD4158,TP,HS,HS,occlusion,30,15053,15053,15360,30,9,0.0346,0,38,0.262,0.3188,0.0646,5.221,0.0,0.0,0.6842,22.454,0.2501,0.1285,0.0307,0.0344,0.1776,0.1664,0.0323,0.0934,0.252,0.0316,0.0073,0.0102,0.0456,24.3897,4.448,11.354,35.978,0.0,0.0,0.0,0.0,0.0,0.0,0.0,0.0,0.3034,0.1188,0.0526,0.6417,9.7569,3.8216,1.693,20.638,0.129,0.0262,0.0596,0.1766
iccad4,HSCAD497,TP,HS,HS,gradcam,10,5018,5018,5120,30,7,0.0408,0,32,0.4235,0.3627,0.0969,3.117,0.0,0.0,0.2764,22.917,0.3613,0.1727,0.0729,0.0279,0.3074,0.1801,0.0588,0.0404,0.3045,0.0419,0.0166,0.0074,0.0736,10.7692,3.0992,4.571,16.93,0.0,0.0,0.0,0.0,0.0,0.0,0.0,0.0,0.1046,0.0893,0.0,0.4255,8.4959,7.2542,0.0,34.57,0.1796,0.0589,0.0562,0.3015
iccad4,HSCAD497,TP,HS,HS,gradcam_plus,10,5018,5018,5120,30,7,0.0408,0,32,0.0371,0.1429,0.0153,12.23,0.0,0.0,0.0673,5.58,0.1095,0.1727,0.0729,0.0279,0.3074,0.1801,0.0588,0.0404,0.3045,0.0419,0.0166,0.0074,0.0736,10.7692,3.0992,4.571,16.93,0.0,0.0,0.0,0.0,0.0,0.0,0.0,0.0,0.1046,0.0893,0.0,0.4255,8.4959,7.2542,0.0,34.57,0.1796,0.0589,0.0562,0.3015
iccad4,HSCAD497,TP,HS,HS,layercam,10,5018,5018,5120,30,7,0.0408,0,32,0.3892,0.3826,0.0873,2.914,0.0,0.0,0.3966,32.882,0.3672,0.1727,0.0729,0.0279,0.3074,0.1801,0.0588,0.0404,0.3045,0.0419,0.0166,0.0074,0.0736,10.7692,3.0992,4.571,16.93,0.0,0.0,0.0,0.0,0.0,0.0,0.0,0.0,0.1046,0.0893,0.0,0.4255,8.4959,7.2542,0.0,34.57,0.1796,0.0589,0.0562,0.3015
iccad4,HSCAD497,TP,HS,HS,occlusion,10,5018,5018,5120,30,7,0.0408,0,32,0.3539,0.3404,0.0855,3.72,0.0,0.0,0.4375,36.269,0.3166,0.1727,0.0729,0.0279,0.3074,0.1801,0.0588,0.0404,0.3045,0.0419,0.0166,0.0074,0.0736,10.7692,3.0992,4.571,16.93,0.0,0.0,0.0,0.0,0.0,0.0,0.0,0.0,0.1046,0.0893,0.0,0.4255,8.4959,7.2542,0.0,34.57,0.1796,0.0589,0.0562,0.3015
iccad4,HSCAD497,TP,HS,HS,gradcam,20,10035,10035,10240,30,7,0.0408,0,32,0.4294,0.3069,0.0912,3.599,0.0,0.0,0.4832,20.03,0.3149,0.1934,0.0498,0.0869,0.2887,0.1885,0.0415,0.0951,0.2496,0.0466,0.0113,0.0214,0.0684,9.9857,2.1775,6.94,16.058,0.0,0.0,0.0,0.0,0.0,0.0,0.0,0.0,0.2119,0.1016,0.0625,0.399,8.6068,4.1257,2.539,16.211,0.1919,0.0419,0.1008,0.2585
iccad4,HSCAD497,TP,HS,HS,gradcam_plus,20,10035,10035,10240,30,7,0.0408,0,32,0.2008,0.1823,0.0479,9.229,0.0,0.0,0.3197,13.254,0.1823,0.1934,0.0498,0.0869,0.2887,0.1885,0.0415,0.0951,0.2496,0.0466,0.0113,0.0214,0.0684,9.9857,2.1775,6.94,16.058,0.0,0.0,0.0,0.0,0.0,0.0,0.0,0.0,0.2119,0.1016,0.0625,0.399,8.6068,4.1257,2.539,16.211,0.1919,0.0419,0.1008,0.2585
iccad4,HSCAD497,TP,HS,HS,layercam,20,10035,10035,10240,30,7,0.0408,0,32,0.3414,0.3358,0.0749,3.812,0.0,0.0,0.6562,27.205,0.3245,0.1934,0.0498,0.0869,0.2887,0.1885,0.0415,0.0951,0.2496,0.0466,0.0113,0.0214,0.0684,9.9857,2.1775,6.94,16.058,0.0,0.0,0.0,0.0,0.0,0.0,0.0,0.0,0.2119,0.1016,0.0625,0.399,8.6068,4.1257,2.539,16.211,0.1919,0.0419,0.1008,0.2585
iccad4,HSCAD497,TP,HS,HS,occlusion,20,10035,10035,10240,30,7,0.0408,0,32,0.3825,0.3311,0.0911,3.956,0.0,0.0,0.4952,20.528,0.3261,0.1934,0.0498,0.0869,0.2887,0.1885,0.0415,0.0951,0.2496,0.0466,0.0113,0.0214,0.0684,9.9857,2.1775,6.94,16.058,0.0,0.0,0.0,0.0,0.0,0.0,0.0,0.0,0.2119,0.1016,0.0625,0.399,8.6068,4.1257,2.539,16.211,0.1919,0.0419,0.1008,0.2585
iccad4,HSCAD497,TP,HS,HS,gradcam,30,15053,15053,15360,30,7,0.0408,0,32,0.3921,0.3023,0.0834,4.24,0.0,0.0,0.5721,15.811,0.2937,0.1917,0.0306,0.1261,0.2589,0.1952,0.0269,0.1242,0.2555,0.0467,0.0069,0.0312,0.0622,9.7213,1.2949,7.664,13.111,0.0,0.0,0.0,0.0,0.0,0.0,0.0,0.0,0.3184,0.0933,0.1635,0.5361,8.6219,2.5263,4.427,14.518,0.1898,0.0269,0.1228,0.2472
iccad4,HSCAD497,TP,HS,HS,gradcam_plus,30,15053,15053,15360,30,7,0.0408,0,32,0.2368,0.2437,0.0569,7.512,0.0,0.0,0.4183,11.559,0.2116,0.1917,0.0306,0.1261,0.2589,0.1952,0.0269,0.1242,0.2555,0.0467,0.0069,0.0312,0.0622,9.7213,1.2949,7.664,13.111,0.0,0.0,0.0,0.0,0.0,0.0,0.0,0.0,0.3184,0.0933,0.1635,0.5361,8.6219,2.5263,4.427,14.518,0.1898,0.0269,0.1228,0.2472
iccad4,HSCAD497,TP,HS,HS,layercam,30,15053,15053,15360,30,7,0.0408,0,32,0.3063,0.3066,0.0703,4.399,0.0,0.0,0.7524,20.793,0.3014,0.1917,0.0306,0.1261,0.2589,0.1952,0.0269,0.1242,0.2555,0.0467,0.0069,0.0312,0.0622,9.7213,1.2949,7.664,13.111,0.0,0.0,0.0,0.0,0.0,0.0,0.0,0.0,0.3184,0.0933,0.1635,0.5361,8.6219,2.5263,4.427,14.518,0.1898,0.0269,0.1228,0.2472
iccad4,HSCAD497,TP,HS,HS,occlusion,30,15053,15053,15360,30,7,0.0408,0,32,0.3171,0.2801,0.0755,5.282,0.0,0.0,0.5481,15.146,0.289,0.1917,0.0306,0.1261,0.2589,0.1952,0.0269,0.1242,0.2555,0.0467,0.0069,0.0312,0.0622,9.7213,1.2949,7.664,13.111,0.0,0.0,0.0,0.0,0.0,0.0,0.0,0.0,0.3184,0.0933,0.1635,0.5361,8.6219,2.5263,4.427,14.518,0.1898,0.0269,0.1228,0.2472
iccad4,NNHSCAD4999_9,TN,NHS,NHS,gradcam,10,5018,5018,5120,30,3,0.0306,0,10,0.0,0.0,0.0,25.089,0.0,0.0,0.0,0.0,0.0059,0.0684,0.0465,0.0,0.2,0.1911,0.0561,0.075,0.3053,0.0177,0.0115,0.0,0.05,23.4369,5.1786,12.783,35.85,0.0,0.0,0.0,0.0,0.0,0.0,0.0,0.0,0.091,0.1095,0.0,0.4,2.3111,2.7814,0.0,10.156,0.0669,0.0264,0.0244,0.1375
iccad4,NNHSCAD4999_9,TN,NHS,NHS,gradcam_plus,10,5018,5018,5120,30,3,0.0306,0,10,0.2425,0.6915,0.051,4.904,0.0,0.0,0.3077,7.971,0.2102,0.0684,0.0465,0.0,0.2,0.1911,0.0561,0.075,0.3053,0.0177,0.0115,0.0,0.05,23.4369,5.1786,12.783,35.85,0.0,0.0,0.0,0.0,0.0,0.0,0.0,0.0,0.091,0.1095,0.0,0.4,2.3111,2.7814,0.0,10.156,0.0669,0.0264,0.0244,0.1375
iccad4,NNHSCAD4999_9,TN,NHS,NHS,layercam,10,5018,5018,5120,30,3,0.0306,0,10,0.0835,0.6534,0.0281,6.651,0.0,0.0,0.3846,9.964,0.1731,0.0684,0.0465,0.0,0.2,0.1911,0.0561,0.075,0.3053,0.0177,0.0115,0.0,0.05,23.4369,5.1786,12.783,35.85,0.0,0.0,0.0,0.0,0.0,0.0,0.0,0.0,0.091,0.1095,0.0,0.4,2.3111,2.7814,0.0,10.156,0.0669,0.0264,0.0244,0.1375
iccad4,NNHSCAD4999_9,TN,NHS,NHS,occlusion,10,5018,5018,5120,30,3,0.0306,0,10,0.3061,0.4566,0.0765,5.455,0.0,0.0,0.0,0.0,0.2031,0.0684,0.0465,0.0,0.2,0.1911,0.0561,0.075,0.3053,0.0177,0.0115,0.0,0.05,23.4369,5.1786,12.783,35.85,0.0,0.0,0.0,0.0,0.0,0.0,0.0,0.0,0.091,0.1095,0.0,0.4,2.3111,2.7814,0.0,10.156,0.0669,0.0264,0.0244,0.1375
iccad4,NNHSCAD4999_9,TN,NHS,NHS,gradcam,20,10035,10035,10240,30,3,0.0306,0,10,0.0,0.0,0.0,29.681,0.0,0.0,0.0,0.0,0.0031,0.0734,0.0308,0.0,0.1249,0.192,0.0491,0.0931,0.3106,0.0188,0.0079,0.0,0.0323,23.2224,4.4882,13.014,32.469,0.0,0.0,0.0,0.0,0.0,0.0,0.0,0.0,0.1397,0.1473,0.0,0.4692,1.774,1.8703,0.0,5.957,0.0697,0.019,0.0278,0.1084
iccad4,NNHSCAD4999_9,TN,NHS,NHS,gradcam_plus,20,10035,10035,10240,30,3,0.0306,0,10,0.1531,0.4293,0.0395,13.304,0.0,0.0,0.4,5.182,0.1339,0.0734,0.0308,0.0,0.1249,0.192,0.0491,0.0931,0.3106,0.0188,0.0079,0.0,0.0323,23.2224,4.4882,13.014,32.469,0.0,0.0,0.0,0.0,0.0,0.0,0.0,0.0,0.1397,0.1473,0.0,0.4692,1.774,1.8703,0.0,5.957,0.0697,0.019,0.0278,0.1084
iccad4,NNHSCAD4999_9,TN,NHS,NHS,layercam,20,10035,10035,10240,30,3,0.0306,0,10,0.0944,0.5592,0.031,7.955,0.0,0.0,0.8769,11.36,0.1551,0.0734,0.0308,0.0,0.1249,0.192,0.0491,0.0931,0.3106,0.0188,0.0079,0.0,0.0323,23.2224,4.4882,13.014,32.469,0.0,0.0,0.0,0.0,0.0,0.0,0.0,0.0,0.1397,0.1473,0.0,0.4692,1.774,1.8703,0.0,5.957,0.0697,0.019,0.0278,0.1084
iccad4,NNHSCAD4999_9,TN,NHS,NHS,occlusion,20,10035,10035,10240,30,3,0.0306,0,10,0.1786,0.422,0.0446,7.989,0.0,0.0,0.0,0.0,0.17,0.0734,0.0308,0.0,0.1249,0.192,0.0491,0.0931,0.3106,0.0188,0.0079,0.0,0.0323,23.2224,4.4882,13.014,32.469,0.0,0.0,0.0,0.0,0.0,0.0,0.0,0.0,0.1397,0.1473,0.0,0.4692,1.774,1.8703,0.0,5.957,0.0697,0.019,0.0278,0.1084
iccad4,NNHSCAD4999_9,TN,NHS,NHS,gradcam,30,15053,15053,15360,30,3,0.0306,0,10,0.0,0.0,0.0,30.237,0.0,0.0,0.0,0.0,0.0034,0.0649,0.0172,0.0255,0.1005,0.1928,0.0314,0.1182,0.2531,0.017,0.0043,0.0071,0.0262,23.1532,3.3676,17.357,30.973,0.0,0.0,0.0,0.0,0.0,0.0,0.0,0.0,0.3446,0.1617,0.0,0.6692,2.9166,1.3683,0.0,5.664,0.0649,0.0117,0.0382,0.0869
iccad4,NNHSCAD4999_9,TN,NHS,NHS,gradcam_plus,30,15053,15053,15360,30,3,0.0306,0,10,0.1083,0.3082,0.0279,17.461,0.0,0.0,0.4692,4.052,0.0993,0.0649,0.0172,0.0255,0.1005,0.1928,0.0314,0.1182,0.2531,0.017,0.0043,0.0071,0.0262,23.1532,3.3676,17.357,30.973,0.0,0.0,0.0,0.0,0.0,0.0,0.0,0.0,0.3446,0.1617,0.0,0.6692,2.9166,1.3683,0.0,5.664,0.0649,0.0117,0.0382,0.0869
iccad4,NNHSCAD4999_9,TN,NHS,NHS,layercam,30,15053,15053,15360,30,3,0.0306,0,10,0.0907,0.4698,0.0285,10.554,0.0,0.0,1.0,8.636,0.1359,0.0649,0.0172,0.0255,0.1005,0.1928,0.0314,0.1182,0.2531,0.017,0.0043,0.0071,0.0262,23.1532,3.3676,17.357,30.973,0.0,0.0,0.0,0.0,0.0,0.0,0.0,0.0,0.3446,0.1617,0.0,0.6692,2.9166,1.3683,0.0,5.664,0.0649,0.0117,0.0382,0.0869
iccad4,NNHSCAD4999_9,TN,NHS,NHS,occlusion,30,15053,15053,15360,30,3,0.0306,0,10,0.1441,0.3753,0.0363,9.984,0.0,0.0,0.1,0.864,0.1448,0.0649,0.0172,0.0255,0.1005,0.1928,0.0314,0.1182,0.2531,0.017,0.0043,0.0071,0.0262,23.1532,3.3676,17.357,30.973,0.0,0.0,0.0,0.0,0.0,0.0,0.0,0.0,0.3446,0.1617,0.0,0.6692,2.9166,1.3683,0.0,5.664,0.0649,0.0117,0.0382,0.0869
iccad4,NNHSCAD4999_8,TN,NHS,NHS,gradcam,10,5018,5018,5120,30,4,0.0306,0,14,0.0,0.0,0.0,31.461,0.0,0.0,0.0,0.0,0.0063,0.1017,0.0386,0.0496,0.2,0.1951,0.0479,0.0875,0.2902,0.0264,0.0097,0.0125,0.05,18.1746,4.9678,9.987,27.223,0.0,0.0,0.0,0.0,0.0,0.0,0.0,0.0,0.1119,0.1191,0.0,0.4286,3.9778,4.2325,0.0,15.234,0.0998,0.0261,0.0455,0.1578
iccad4,NNHSCAD4999_8,TN,NHS,NHS,gradcam_plus,10,5018,5018,5120,30,4,0.0306,0,14,0.2086,0.4556,0.0588,4.948,0.0,0.0,0.1868,6.776,0.2099,0.1017,0.0386,0.0496,0.2,0.1951,0.0479,0.0875,0.2902,0.0264,0.0097,0.0125,0.05,18.1746,4.9678,9.987,27.223,0.0,0.0,0.0,0.0,0.0,0.0,0.0,0.0,0.1119,0.1191,0.0,0.4286,3.9778,4.2325,0.0,15.234,0.0998,0.0261,0.0455,0.1578
iccad4,NNHSCAD4999_8,TN,NHS,NHS,layercam,10,5018,5018,5120,30,4,0.0306,0,14,0.1036,0.4121,0.0323,6.42,0.0,0.0,0.4451,16.142,0.1799,0.1017,0.0386,0.0496,0.2,0.1951,0.0479,0.0875,0.2902,0.0264,0.0097,0.0125,0.05,18.1746,4.9678,9.987,27.223,0.0,0.0,0.0,0.0,0.0,0.0,0.0,0.0,0.1119,0.1191,0.0,0.4286,3.9778,4.2325,0.0,15.234,0.0998,0.0261,0.0455,0.1578
iccad4,NNHSCAD4999_8,TN,NHS,NHS,occlusion,10,5018,5018,5120,30,4,0.0306,0,14,0.3531,0.4237,0.0893,4.321,0.0,0.0,0.0,0.0,0.2199,0.1017,0.0386,0.0496,0.2,0.1951,0.0479,0.0875,0.2902,0.0264,0.0097,0.0125,0.05,18.1746,4.9678,9.987,27.223,0.0,0.0,0.0,0.0,0.0,0.0,0.0,0.0,0.1119,0.1191,0.0,0.4286,3.9778,4.2325,0.0,15.234,0.0998,0.0261,0.0455,0.1578
iccad4,NNHSCAD4999_8,TN,NHS,NHS,gradcam,20,10035,10035,10240,30,4,0.0306,0,14,0.0,0.0,0.0,31.909,0.0,0.0,0.0,0.0,0.0032,0.0855,0.026,0.025,0.1375,0.1713,0.0352,0.085,0.2287,0.0222,0.0066,0.0063,0.035,18.9424,3.999,12.06,25.813,0.0,0.0,0.0,0.0,0.0,0.0,0.0,0.0,0.1833,0.1551,0.0,0.6429,3.2586,2.7558,0.0,11.426,0.0899,0.0178,0.0505,0.123
iccad4,NNHSCAD4999_8,TN,NHS,NHS,gradcam_plus,20,10035,10035,10240,30,4,0.0306,0,14,0.1531,0.293,0.0395,13.299,0.0,0.0,0.2857,5.182,0.1339,0.0855,0.026,0.025,0.1375,0.1713,0.0352,0.085,0.2287,0.0222,0.0066,0.0063,0.035,18.9424,3.999,12.06,25.813,0.0,0.0,0.0,0.0,0.0,0.0,0.0,0.0,0.1833,0.1551,0.0,0.6429,3.2586,2.7558,0.0,11.426,0.0899,0.0178,0.0505,0.123
iccad4,NNHSCAD4999_8,TN,NHS,NHS,layercam,20,10035,10035,10240,30,4,0.0306,0,14,0.0997,0.3829,0.0319,7.112,0.0,0.0,0.6374,11.56,0.1699,0.0855,0.026,0.025,0.1375,0.1713,0.0352,0.085,0.2287,0.0222,0.0066,0.0063,0.035,18.9424,3.999,12.06,25.813,0.0,0.0,0.0,0.0,0.0,0.0,0.0,0.0,0.1833,0.1551,0.0,0.6429,3.2586,2.7558,0.0,11.426,0.0899,0.0178,0.0505,0.123
iccad4,NNHSCAD4999_8,TN,NHS,NHS,occlusion,20,10035,10035,10240,30,4,0.0306,0,14,0.1913,0.3212,0.0478,7.492,0.0,0.0,0.0,0.0,0.1787,0.0855,0.026,0.025,0.1375,0.1713,0.0352,0.085,0.2287,0.0222,0.0066,0.0063,0.035,18.9424,3.999,12.06,25.813,0.0,0.0,0.0,0.0,0.0,0.0,0.0,0.0,0.1833,0.1551,0.0,0.6429,3.2586,2.7558,0.0,11.426,0.0899,0.0178,0.0505,0.123
iccad4,NNHSCAD4999_8,TN,NHS,NHS,gradcam,30,15053,15053,15360,30,4,0.0306,0,14,0.0,0.0,0.0,31.95,0.0,0.0,0.0,0.0,0.0055,0.0956,0.0281,0.0333,0.1582,0.1869,0.0298,0.118,0.2437,0.0248,0.007,0.0091,0.0398,18.2347,3.1103,12.421,25.336,0.0,0.0,0.0,0.0,0.0,0.0,0.0,0.0,0.3048,0.2158,0.0,0.8571,3.611,2.5571,0.0,10.156,0.0957,0.0174,0.0595,0.1296
iccad4,NNHSCAD4999_8,TN,NHS,NHS,gradcam_plus,30,15053,15053,15360,30,4,0.0306,0,14,0.102,0.1953,0.0263,19.281,0.0,0.0,0.2857,3.454,0.0961,0.0956,0.0281,0.0333,0.1582,0.1869,0.0298,0.118,0.2437,0.0248,0.007,0.0091,0.0398,18.2347,3.1103,12.421,25.336,0.0,0.0,0.0,0.0,0.0,0.0,0.0,0.0,0.3048,0.2158,0.0,0.8571,3.611,2.5571,0.0,10.156,0.0957,0.0174,0.0595,0.1296
iccad4,NNHSCAD4999_8,TN,NHS,NHS,layercam,30,15053,15053,15360,30,4,0.0306,0,14,0.101,0.3556,0.0336,8.48,0.0,0.0,0.8187,9.898,0.1602,0.0956,0.0281,0.0333,0.1582,0.1869,0.0298,0.118,0.2437,0.0248,0.007,0.0091,0.0398,18.2347,3.1103,12.421,25.336,0.0,0.0,0.0,0.0,0.0,0.0,0.0,0.0,0.3048,0.2158,0.0,0.8571,3.611,2.5571,0.0,10.156,0.0957,0.0174,0.0595,0.1296
iccad4,NNHSCAD4999_8,TN,NHS,NHS,occlusion,30,15053,15053,15360,30,4,0.0306,0,14,0.1786,0.3061,0.0446,7.912,0.0,0.0,0.0,0.0,0.1721,0.0956,0.0281,0.0333,0.1582,0.1869,0.0298,0.118,0.2437,0.0248,0.007,0.0091,0.0398,18.2347,3.1103,12.421,25.336,0.0,0.0,0.0,0.0,0.0,0.0,0.0,0.0,0.3048,0.2158,0.0,0.8571,3.611,2.5571,0.0,10.156,0.0957,0.0174,0.0595,0.1296
iccad4,NNHSCAD4999_7,TN,NHS,NHS,gradcam,10,5018,5018,5120,30,5,0.0306,0,18,0.0,0.0,0.0,32.963,0.0,0.0,0.0,0.0,0.0085,0.1102,0.043,0.042,0.2313,0.2105,0.0522,0.1187,0.3434,0.0285,0.0107,0.0121,0.0588,16.5535,5.4234,6.639,26.811,0.0,0.0,0.0,0.0,0.0,0.0,0.0,0.0,0.097,0.0831,0.0,0.3333,4.4335,3.7977,0.0,15.234,0.1103,0.0296,0.0556,0.1773
iccad4,NNHSCAD4999_7,TN,NHS,NHS,gradcam_plus,10,5018,5018,5120,30,5,0.0306,0,18,0.2086,0.452,0.0588,4.948,0.0,0.0,0.1453,6.776,0.2099,0.1102,0.043,0.042,0.2313,0.2105,0.0522,0.1187,0.3434,0.0285,0.0107,0.0121,0.0588,16.5535,5.4234,6.639,26.811,0.0,0.0,0.0,0.0,0.0,0.0,0.0,0.0,0.097,0.0831,0.0,0.3333,4.4335,3.7977,0.0,15.234,0.1103,0.0296,0.0556,0.1773
iccad4,NNHSCAD4999_7,TN,NHS,NHS,layercam,10,5018,5018,5120,30,5,0.0306,0,18,0.0801,0.434,0.0281,6.319,0.0,0.0,0.2436,11.359,0.1874,0.1102,0.043,0.042,0.2313,0.2105,0.0522,0.1187,0.3434,0.0285,0.0107,0.0121,0.0588,16.5535,5.4234,6.639,26.811,0.0,0.0,0.0,0.0,0.0,0.0,0.0,0.0,0.097,0.0831,0.0,0.3333,4.4335,3.7977,0.0,15.234,0.1103,0.0296,0.0556,0.1773
iccad4,NNHSCAD4999_7,TN,NHS,NHS,occlusion,10,5018,5018,5120,30,5,0.0306,0,18,0.3382,0.4181,0.0833,4.482,0.0,0.0,0.0,0.0,0.2169,0.1102,0.043,0.042,0.2313,0.2105,0.0522,0.1187,0.3434,0.0285,0.0107,0.0121,0.0588,16.5535,5.4234,6.639,26.811,0.0,0.0,0.0,0.0,0.0,0.0,0.0,0.0,0.097,0.0831,0.0,0.3333,4.4335,3.7977,0.0,15.234,0.1103,0.0296,0.0556,0.1773
iccad4,NNHSCAD4999_7,TN,NHS,NHS,gradcam,20,10035,10035,10240,30,5,0.0306,0,18,0.0,0.0,0.0,32.963,0.0,0.0,0.0,0.0,0.0064,0.1047,0.0237,0.067,0.1545,0.2029,0.035,0.1512,0.2857,0.0271,0.006,0.0178,0.0402,17.0515,3.6722,8.696,24.357,0.0,0.0,0.0,0.0,0.0,0.0,0.0,0.0,0.2048,0.1175,0.0,0.4231,4.681,2.6846,0.0,9.668,0.1056,0.0177,0.077,0.1547
iccad4,NNHSCAD4999_7,TN,NHS,NHS,gradcam_plus,20,10035,10035,10240,30,5,0.0306,0,18,0.1906,0.3302,0.0491,10.143,0.0,0.0,0.4402,10.264,0.1523,0.1047,0.0237,0.067,0.1545,0.2029,0.035,0.1512,0.2857,0.0271,0.006,0.0178,0.0402,17.0515,3.6722,8.696,24.357,0.0,0.0,0.0,0.0,0.0,0.0,0.0,0.0,0.2048,0.1175,0.0,0.4231,4.681,2.6846,0.0,9.668,0.1056,0.0177,0.077,0.1547
iccad4,NNHSCAD4999_7,TN,NHS,NHS,layercam,20,10035,10035,10240,30,5,0.0306,0,18,0.1103,0.3989,0.0364,6.575,0.0,0.0,0.5726,13.353,0.1788,0.1047,0.0237,0.067,0.1545,0.2029,0.035,0.1512,0.2857,0.0271,0.006,0.0178,0.0402,17.0515,3.6722,8.696,24.357,0.0,0.0,0.0,0.0,0.0,0.0,0.0,0.0,0.2048,0.1175,0.0,0.4231,4.681,2.6846,0.0,9.668,0.1056,0.0177,0.077,0.1547
iccad4,NNHSCAD4999_7,TN,NHS,NHS,occlusion,20,10035,10035,10240,30,5,0.0306,0,18,0.2071,0.3369,0.051,7.084,0.0,0.0,0.0,0.0,0.1836,0.1047,0.0237,0.067,0.1545,0.2029,0.035,0.1512,0.2857,0.0271,0.006,0.0178,0.0402,17.0515,3.6722,8.696,24.357,0.0,0.0,0.0,0.0,0.0,0.0,0.0,0.0,0.2048,0.1175,0.0,0.4231,4.681,2.6846,0.0,9.668,0.1056,0.0177,0.077,0.1547
iccad4,NNHSCAD4999_7,TN,NHS,NHS,gradcam,30,15053,15053,15360,30,5,0.0306,0,18,0.0,0.0351,0.0,31.205,0.0,0.0,0.0,0.0,0.0223,0.1014,0.0226,0.0583,0.1499,0.1976,0.0222,0.1524,0.2353,0.0264,0.0056,0.0158,0.0382,17.3856,2.4841,12.375,22.317,0.0,0.0,0.0,0.0,0.0,0.0,0.0,0.0,0.3279,0.127,0.1111,0.5769,4.9956,1.9347,1.693,8.789,0.1005,0.014,0.0779,0.1271
iccad4,NNHSCAD4999_7,TN,NHS,NHS,gradcam_plus,30,15053,15053,15360,30,5,0.0306,0,18,0.1271,0.2398,0.0328,16.684,0.0,0.0,0.4444,6.909,0.1148,0.1014,0.0226,0.0583,0.1499,0.1976,0.0222,0.1524,0.2353,0.0264,0.0056,0.0158,0.0382,17.3856,2.4841,12.375,22.317,0.0,0.0,0.0,0.0,0.0,0.0,0.0,0.0,0.3279,0.127,0.1111,0.5769,4.9956,1.9347,1.693,8.789,0.1005,0.014,0.0779,0.1271
iccad4,NNHSCAD4999_7,TN,NHS,NHS,layercam,30,15053,15053,15360,30,5,0.0306,0,18,0.12,0.3618,0.0373,7.571,0.0,0.0,0.7308,11.36,0.1678,0.1014,0.0226,0.0583,0.1499,0.1976,0.0222,0.1524,0.2353,0.0264,0.0056,0.0158,0.0382,17.3856,2.4841,12.375,22.317,0.0,0.0,0.0,0.0,0.0,0.0,0.0,0.0,0.3279,0.127,0.1111,0.5769,4.9956,1.9347,1.693,8.789,0.1005,0.014,0.0779,0.1271
iccad4,NNHSCAD4999_7,TN,NHS,NHS,occlusion,30,15053,15053,15360,30,5,0.0306,0,18,0.1701,0.3106,0.0425,7.826,0.0,0.0,0.0342,0.531,0.1714,0.1014,0.0226,0.0583,0.1499,0.1976,0.0222,0.1524,0.2353,0.0264,0.0056,0.0158,0.0382,17.3856,2.4841,12.375,22.317,0.0,0.0,0.0,0.0,0.0,0.0,0.0,0.0,0.3279,0.127,0.1111,0.5769,4.9956,1.9347,1.693,8.789,0.1005,0.014,0.0779,0.1271
iccad4,NHSCAD418_6,FP,NHS,HS,gradcam,10,5018,5018,5120,30,8,0.0344,0,31,0.3312,0.4213,0.1058,1.804,0.0,0.0,0.4367,35.074,0.4297,0.2416,0.1045,0.1,0.4375,0.1762,0.0634,0.0813,0.2904,0.0576,0.0238,0.025,0.1021,18.9335,10.3987,2.841,35.255,0.0,0.0,0.0,0.0,0.0,0.0,0.0,0.0,0.0612,0.0769,0.0,0.2481,4.8177,6.0558,0.0,19.531,0.2422,0.0914,0.1208,0.4183
iccad4,NHSCAD418_6,FP,NHS,HS,gradcam_plus,10,5018,5018,5120,30,8,0.0344,0,31,0.0383,0.1176,0.0383,12.174,0.0,0.0,0.0447,3.587,0.1162,0.2416,0.1045,0.1,0.4375,0.1762,0.0634,0.0813,0.2904,0.0576,0.0238,0.025,0.1021,18.9335,10.3987,2.841,35.255,0.0,0.0,0.0,0.0,0.0,0.0,0.0,0.0,0.0612,0.0769,0.0,0.2481,4.8177,6.0558,0.0,19.531,0.2422,0.0914,0.1208,0.4183
iccad4,NHSCAD418_6,FP,NHS,HS,layercam,10,5018,5018,5120,30,8,0.0344,0,31,0.3212,0.339,0.0807,2.534,0.0,0.0,0.3102,24.91,0.4078,0.2416,0.1045,0.1,0.4375,0.1762,0.0634,0.0813,0.2904,0.0576,0.0238,0.025,0.1021,18.9335,10.3987,2.841,35.255,0.0,0.0,0.0,0.0,0.0,0.0,0.0,0.0,0.0612,0.0769,0.0,0.2481,4.8177,6.0558,0.0,19.531,0.2422,0.0914,0.1208,0.4183
iccad4,NHSCAD418_6,FP,NHS,HS,occlusion,10,5018,5018,5120,30,8,0.0344,0,31,0.3296,0.2668,0.0897,4.025,0.0,0.0,0.3623,29.095,0.3106,0.2416,0.1045,0.1,0.4375,0.1762,0.0634,0.0813,0.2904,0.0576,0.0238,0.025,0.1021,18.9335,10.3987,2.841,35.255,0.0,0.0,0.0,0.0,0.0,0.0,0.0,0.0,0.0612,0.0769,0.0,0.2481,4.8177,6.0558,0.0,19.531,0.2422,0.0914,0.1208,0.4183
iccad4,NHSCAD418_6,FP,NHS,HS,gradcam,20,10035,10035,10240,30,8,0.0344,0,31,0.3833,0.3795,0.1157,1.991,0.0,0.0,0.6998,28.102,0.4325,0.2298,0.0639,0.1031,0.3495,0.1722,0.0378,0.1047,0.24,0.0555,0.0149,0.0262,0.0847,18.4357,5.7909,5.527,29.183,0.0,0.0,0.0,0.0,0.0,0.0,0.0,0.0,0.2029,0.1212,0.0,0.4417,7.985,4.7698,0.0,17.383,0.2294,0.0545,0.136,0.3325
iccad4,NHSCAD418_6,FP,NHS,HS,gradcam_plus,20,10035,10035,10240,30,8,0.0344,0,31,0.2456,0.1434,0.0769,9.056,0.0,0.0,0.1985,7.972,0.2221,0.2298,0.0639,0.1031,0.3495,0.1722,0.0378,0.1047,0.24,0.0555,0.0149,0.0262,0.0847,18.4357,5.7909,5.527,29.183,0.0,0.0,0.0,0.0,0.0,0.0,0.0,0.0,0.2029,0.1212,0.0,0.4417,7.985,4.7698,0.0,17.383,0.2294,0.0545,0.136,0.3325
iccad4,NHSCAD418_6,FP,NHS,HS,layercam,20,10035,10035,10240,30,8,0.0344,0,31,0.3168,0.3089,0.0762,2.945,0.0,0.0,0.5831,23.418,0.378,0.2298,0.0639,0.1031,0.3495,0.1722,0.0378,0.1047,0.24,0.0555,0.0149,0.0262,0.0847,18.4357,5.7909,5.527,29.183,0.0,0.0,0.0,0.0,0.0,0.0,0.0,0.0,0.2029,0.1212,0.0,0.4417,7.985,4.7698,0.0,17.383,0.2294,0.0545,0.136,0.3325
iccad4,NHSCAD418_6,FP,NHS,HS,occlusion,20,10035,10035,10240,30,8,0.0344,0,31,0.2974,0.2342,0.0751,4.715,0.0,0.0,0.5385,21.624,0.2947,0.2298,0.0639,0.1031,0.3495,0.1722,0.0378,0.1047,0.24,0.0555,0.0149,0.0262,0.0847,18.4357,5.7909,5.527,29.183,0.0,0.0,0.0,0.0,0.0,0.0,0.0,0.0,0.2029,0.1212,0.0,0.4417,7.985,4.7698,0.0,17.383,0.2294,0.0545,0.136,0.3325
iccad4,NHSCAD418_6,FP,NHS,HS,gradcam,30,15053,15053,15360,30,8,0.0344,0,31,0.4181,0.3686,0.1081,2.055,0.0,0.0,0.8759,23.45,0.4274,0.2319,0.0466,0.1486,0.3404,0.1722,0.0294,0.1206,0.2344,0.0563,0.0106,0.038,0.0807,18.7472,4.9908,8.669,29.67,0.0,0.0,0.0,0.0,0.0,0.0,0.0,0.0,0.2821,0.0921,0.0645,0.4417,7.4002,2.4172,1.693,11.589,0.2313,0.042,0.1522,0.3245
iccad4,NHSCAD418_6,FP,NHS,HS,gradcam_plus,30,15053,15053,15360,30,8,0.0344,0,31,0.2167,0.1617,0.0526,16.84,0.0,0.0,0.2581,6.909,0.2131,0.2319,0.0466,0.1486,0.3404,0.1722,0.0294,0.1206,0.2344,0.0563,0.0106,0.038,0.0807,18.7472,4.9908,8.669,29.67,0.0,0.0,0.0,0.0,0.0,0.0,0.0,0.0,0.2821,0.0921,0.0645,0.4417,7.4002,2.4172,1.693,11.589,0.2313,0.042,0.1522,0.3245
iccad4,NHSCAD418_6,FP,NHS,HS,layercam,30,15053,15053,15360,30,8,0.0344,0,31,0.3116,0.3053,0.0782,3.4,0.0,0.0,0.8462,22.653,0.3666,0.2319,0.0466,0.1486,0.3404,0.1722,0.0294,0.1206,0.2344,0.0563,0.0106,0.038,0.0807,18.7472,4.9908,8.669,29.67,0.0,0.0,0.0,0.0,0.0,0.0,0.0,0.0,0.2821,0.0921,0.0645,0.4417,7.4002,2.4172,1.693,11.589,0.2313,0.042,0.1522,0.3245
iccad4,NHSCAD418_6,FP,NHS,HS,occlusion,30,15053,15053,15360,30,8,0.0344,0,31,0.3035,0.2391,0.0751,4.703,0.0,0.0,0.6923,18.535,0.3088,0.2319,0.0466,0.1486,0.3404,0.1722,0.0294,0.1206,0.2344,0.0563,0.0106,0.038,0.0807,18.7472,4.9908,8.669,29.67,0.0,0.0,0.0,0.0,0.0,0.0,0.0,0.0,0.2821,0.0921,0.0645,0.4417,7.4002,2.4172,1.693,11.589,0.2313,0.042,0.1522,0.3245
iccad4,NHSCAD4147_4,FP,NHS,HS,gradcam,10,5018,5018,5120,30,9,0.0347,0,49,0.3966,0.3938,0.125,1.864,0.0,0.0,0.2669,33.878,0.431,0.2051,0.0937,0.0766,0.4342,0.1551,0.0617,0.0656,0.291,0.0495,0.0219,0.0193,0.1008,15.5898,7.2355,3.07,29.99,0.0,0.0,0.0,0.0,0.0,0.0,0.0,0.0,0.0928,0.0583,0.0,0.2449,11.5495,7.251,0.0,30.469,0.2033,0.0826,0.0972,0.3861
iccad4,NHSCAD4147_4,FP,NHS,HS,gradcam_plus,10,5018,5018,5120,30,9,0.0347,0,49,0.2222,0.2308,0.0809,5.291,0.0,0.0,0.1444,18.334,0.2871,0.2051,0.0937,0.0766,0.4342,0.1551,0.0617,0.0656,0.291,0.0495,0.0219,0.0193,0.1008,15.5898,7.2355,3.07,29.99,0.0,0.0,0.0,0.0,0.0,0.0,0.0,0.0,0.0928,0.0583,0.0,0.2449,11.5495,7.251,0.0,30.469,0.2033,0.0826,0.0972,0.3861
iccad4,NHSCAD4147_4,FP,NHS,HS,layercam,10,5018,5018,5120,30,9,0.0347,0,49,0.3701,0.3364,0.0923,2.319,0.0,0.0,0.2386,30.291,0.3961,0.2051,0.0937,0.0766,0.4342,0.1551,0.0617,0.0656,0.291,0.0495,0.0219,0.0193,0.1008,15.5898,7.2355,3.07,29.99,0.0,0.0,0.0,0.0,0.0,0.0,0.0,0.0,0.0928,0.0583,0.0,0.2449,11.5495,7.251,0.0,30.469,0.2033,0.0826,0.0972,0.3861
iccad4,NHSCAD4147_4,FP,NHS,HS,occlusion,10,5018,5018,5120,30,9,0.0347,0,49,0.3978,0.2925,0.0974,3.036,0.0,0.0,0.2967,37.664,0.3683,0.2051,0.0937,0.0766,0.4342,0.1551,0.0617,0.0656,0.291,0.0495,0.0219,0.0193,0.1008,15.5898,7.2355,3.07,29.99,0.0,0.0,0.0,0.0,0.0,0.0,0.0,0.0,0.0928,0.0583,0.0,0.2449,11.5495,7.251,0.0,30.469,0.2033,0.0826,0.0972,0.3861
iccad4,NHSCAD4147_4,FP,NHS,HS,gradcam,20,10035,10035,10240,30,9,0.0347,0,49,0.4321,0.3276,0.1071,2.301,0.0,0.0,0.4867,30.892,0.3953,0.2186,0.0595,0.1257,0.341,0.1691,0.0365,0.1071,0.2456,0.053,0.0137,0.0309,0.0823,13.5141,3.6769,8.702,22.922,0.0,0.0,0.0,0.0,0.0,0.0,0.0,0.0,0.2313,0.075,0.0973,0.3673,14.3912,4.6666,6.055,22.852,0.2179,0.0455,0.1451,0.3032
iccad4,NHSCAD4147_4,FP,NHS,HS,gradcam_plus,20,10035,10035,10240,30,9,0.0347,0,49,0.3366,0.2434,0.0969,4.312,0.0,0.0,0.3422,21.724,0.3176,0.2186,0.0595,0.1257,0.341,0.1691,0.0365,0.1071,0.2456,0.053,0.0137,0.0309,0.0823,13.5141,3.6769,8.702,22.922,0.0,0.0,0.0,0.0,0.0,0.0,0.0,0.0,0.2313,0.075,0.0973,0.3673,14.3912,4.6666,6.055,22.852,0.2179,0.0455,0.1451,0.3032
iccad4,NHSCAD4147_4,FP,NHS,HS,layercam,20,10035,10035,10240,30,9,0.0347,0,49,0.3405,0.2985,0.0826,2.894,0.0,0.0,0.5055,32.088,0.3608,0.2186,0.0595,0.1257,0.341,0.1691,0.0365,0.1071,0.2456,0.053,0.0137,0.0309,0.0823,13.5141,3.6769,8.702,22.922,0.0,0.0,0.0,0.0,0.0,0.0,0.0,0.0,0.2313,0.075,0.0973,0.3673,14.3912,4.6666,6.055,22.852,0.2179,0.0455,0.1451,0.3032
iccad4,NHSCAD4147_4,FP,NHS,HS,occlusion,20,10035,10035,10240,30,9,0.0347,0,49,0.3492,0.2693,0.0863,3.88,0.0,0.0,0.5306,33.682,0.3207,0.2186,0.0595,0.1257,0.341,0.1691,0.0365,0.1071,0.2456,0.053,0.0137,0.0309,0.0823,13.5141,3.6769,8.702,22.922,0.0,0.0,0.0,0.0,0.0,0.0,0.0,0.0,0.2313,0.075,0.0973,0.3673,14.3912,4.6666,6.055,22.852,0.2179,0.0455,0.1451,0.3032
iccad4,NHSCAD4147_4,FP,NHS,HS,gradcam,30,15053,15053,15360,30,9,0.0347,0,49,0.3866,0.3212,0.0973,2.664,0.0,0.0,0.675,28.566,0.3734,0.2085,0.0523,0.1144,0.2934,0.1614,0.0332,0.1088,0.2146,0.0507,0.0123,0.0292,0.072,13.6498,3.03,7.764,19.486,0.0,0.0,0.0,0.0,0.0,0.0,0.0,0.0,0.3205,0.088,0.1052,0.471,13.292,3.6479,4.362,19.531,0.2096,0.0405,0.1474,0.2749
iccad4,NHSCAD4147_4,FP,NHS,HS,gradcam_plus,30,15053,15053,15360,30,9,0.0347,0,49,0.263,0.2106,0.0668,9.178,0.0,0.0,0.394,16.674,0.267,0.2085,0.0523,0.1144,0.2934,0.1614,0.0332,0.1088,0.2146,0.0507,0.0123,0.0292,0.072,13.6498,3.03,7.764,19.486,0.0,0.0,0.0,0.0,0.0,0.0,0.0,0.0,0.3205,0.088,0.1052,0.471,13.292,3.6479,4.362,19.531,0.2096,0.0405,0.1474,0.2749
iccad4,NHSCAD4147_4,FP,NHS,HS,layercam,30,15053,15053,15360,30,9,0.0347,0,49,0.3136,0.2712,0.0755,3.53,0.0,0.0,0.6436,27.237,0.3382,0.2085,0.0523,0.1144,0.2934,0.1614,0.0332,0.1088,0.2146,0.0507,0.0123,0.0292,0.072,13.6498,3.03,7.764,19.486,0.0,0.0,0.0,0.0,0.0,0.0,0.0,0.0,0.3205,0.088,0.1052,0.471,13.292,3.6479,4.362,19.531,0.2096,0.0405,0.1474,0.2749
iccad4,NHSCAD4147_4,FP,NHS,HS,occlusion,30,15053,15053,15360,30,9,0.0347,0,49,0.3121,0.247,0.0763,4.673,0.0,0.0,0.606,25.643,0.3001,0.2085,0.0523,0.1144,0.2934,0.1614,0.0332,0.1088,0.2146,0.0507,0.0123,0.0292,0.072,13.6498,3.03,7.764,19.486,0.0,0.0,0.0,0.0,0.0,0.0,0.0,0.0,0.3205,0.088,0.1052,0.471,13.292,3.6479,4.362,19.531,0.2096,0.0405,0.1474,0.2749
iccad4,NNHSCAD4602_8,FP,NHS,HS,gradcam,10,5018,5018,5120,30,11,0.0371,0,46,0.3579,0.3918,0.1034,1.929,0.0,0.0,0.3662,43.643,0.412,0.2144,0.0996,0.0053,0.4998,0.1681,0.0561,0.043,0.3063,0.0528,0.0228,0.0025,0.1141,11.4383,4.8451,2.198,22.796,0.0,0.0,0.0,0.0,0.0,0.0,0.0,0.0,0.1149,0.0669,0.0067,0.3211,13.4245,7.8164,0.781,37.5,0.2147,0.0798,0.0431,0.4405
iccad4,NNHSCAD4602_8,FP,NHS,HS,gradcam_plus,10,5018,5018,5120,30,11,0.0371,0,46,0.0383,0.1176,0.0383,11.866,0.0,0.0,0.0301,3.587,0.1163,0.2144,0.0996,0.0053,0.4998,0.1681,0.0561,0.043,0.3063,0.0528,0.0228,0.0025,0.1141,11.4383,4.8451,2.198,22.796,0.0,0.0,0.0,0.0,0.0,0.0,0.0,0.0,0.1149,0.0669,0.0067,0.3211,13.4245,7.8164,0.781,37.5,0.2147,0.0798,0.0431,0.4405
iccad4,NNHSCAD4602_8,FP,NHS,HS,layercam,10,5018,5018,5120,30,11,0.0371,0,46,0.3464,0.324,0.0877,2.47,0.0,0.0,0.2425,28.896,0.395,0.2144,0.0996,0.0053,0.4998,0.1681,0.0561,0.043,0.3063,0.0528,0.0228,0.0025,0.1141,11.4383,4.8451,2.198,22.796,0.0,0.0,0.0,0.0,0.0,0.0,0.0,0.0,0.1149,0.0669,0.0067,0.3211,13.4245,7.8164,0.781,37.5,0.2147,0.0798,0.0431,0.4405
iccad4,NNHSCAD4602_8,FP,NHS,HS,occlusion,10,5018,5018,5120,30,11,0.0371,0,46,0.3093,0.2441,0.0771,4.199,0.0,0.0,0.286,34.077,0.3236,0.2144,0.0996,0.0053,0.4998,0.1681,0.0561,0.043,0.3063,0.0528,0.0228,0.0025,0.1141,11.4383,4.8451,2.198,22.796,0.0,0.0,0.0,0.0,0.0,0.0,0.0,0.0,0.1149,0.0669,0.0067,0.3211,13.4245,7.8164,0.781,37.5,0.2147,0.0798,0.0431,0.4405
iccad4,NNHSCAD4602_8,FP,NHS,HS,gradcam,20,10035,10035,10240,30,11,0.0371,0,46,0.367,0.3753,0.1118,2.087,0.0,0.0,0.6254,37.27,0.4097,0.2136,0.0648,0.0972,0.3636,0.1635,0.0385,0.0905,0.2502,0.0526,0.0149,0.0266,0.0881,12.7456,4.1767,5.667,22.636,0.0,0.0,0.0,0.0,0.0,0.0,0.0,0.0,0.2082,0.0918,0.0,0.3896,12.1614,5.3593,0.0,22.754,0.2125,0.0557,0.1022,0.3258
iccad4,NNHSCAD4602_8,FP,NHS,HS,gradcam_plus,20,10035,10035,10240,30,11,0.0371,0,46,0.2456,0.1434,0.0769,8.902,0.0,0.0,0.1338,7.972,0.2183,0.2136,0.0648,0.0972,0.3636,0.1635,0.0385,0.0905,0.2502,0.0526,0.0149,0.0266,0.0881,12.7456,4.1767,5.667,22.636,0.0,0.0,0.0,0.0,0.0,0.0,0.0,0.0,0.2082,0.0918,0.0,0.3896,12.1614,5.3593,0.0,22.754,0.2125,0.0557,0.1022,0.3258
iccad4,NNHSCAD4602_8,FP,NHS,HS,layercam,20,10035,10035,10240,30,11,0.0371,0,46,0.3173,0.3086,0.0806,2.81,0.0,0.0,0.4833,28.799,0.3613,0.2136,0.0648,0.0972,0.3636,0.1635,0.0385,0.0905,0.2502,0.0526,0.0149,0.0266,0.0881,12.7456,4.1767,5.667,22.636,0.0,0.0,0.0,0.0,0.0,0.0,0.0,0.0,0.2082,0.0918,0.0,0.3896,12.1614,5.3593,0.0,22.754,0.2125,0.0557,0.1022,0.3258
iccad4,NNHSCAD4602_8,FP,NHS,HS,occlusion,20,10035,10035,10240,30,11,0.0371,0,46,0.3524,0.2596,0.0868,3.979,0.0,0.0,0.4833,28.799,0.336,0.2136,0.0648,0.0972,0.3636,0.1635,0.0385,0.0905,0.2502,0.0526,0.0149,0.0266,0.0881,12.7456,4.1767,5.667,22.636,0.0,0.0,0.0,0.0,0.0,0.0,0.0,0.0,0.2082,0.0918,0.0,0.3896,12.1614,5.3593,0.0,22.754,0.2125,0.0557,0.1022,0.3258
iccad4,NNHSCAD4602_8,FP,NHS,HS,gradcam,30,15053,15053,15360,30,11,0.0371,0,46,0.4055,0.3429,0.1042,2.262,0.0,0.0,0.7977,31.688,0.399,0.1949,0.0391,0.1124,0.2545,0.157,0.0241,0.0993,0.1936,0.0485,0.0091,0.0285,0.062,12.9745,2.9942,7.725,21.105,0.0,0.0,0.0,0.0,0.0,0.0,0.0,0.0,0.3256,0.0943,0.1538,0.5452,12.6758,3.6705,5.99,21.224,0.2017,0.0356,0.1252,0.2602
iccad4,NNHSCAD4602_8,FP,NHS,HS,gradcam_plus,30,15053,15053,15360,30,11,0.0371,0,46,0.2227,0.1702,0.0542,11.288,0.0,0.0,0.2107,8.37,0.2153,0.1949,0.0391,0.1124,0.2545,0.157,0.0241,0.0993,0.1936,0.0485,0.0091,0.0285,0.062,12.9745,2.9942,7.725,21.105,0.0,0.0,0.0,0.0,0.0,0.0,0.0,0.0,0.3256,0.0943,0.1538,0.5452,12.6758,3.6705,5.99,21.224,0.2017,0.0356,0.1252,0.2602
iccad4,NNHSCAD4602_8,FP,NHS,HS,layercam,30,15053,15053,15360,30,11,0.0371,0,46,0.3012,0.296,0.0763,3.195,0.0,0.0,0.7341,29.164,0.3423,0.1949,0.0391,0.1124,0.2545,0.157,0.0241,0.0993,0.1936,0.0485,0.0091,0.0285,0.062,12.9745,2.9942,7.725,21.105,0.0,0.0,0.0,0.0,0.0,0.0,0.0,0.0,0.3256,0.0943,0.1538,0.5452,12.6758,3.6705,5.99,21.224,0.2017,0.0356,0.1252,0.2602
iccad4,NNHSCAD4602_8,FP,NHS,HS,occlusion,30,15053,15053,15360,30,11,0.0371,0,46,0.3302,0.2516,0.0801,4.408,0.0,0.0,0.5401,21.458,0.3297,0.1949,0.0391,0.1124,0.2545,0.157,0.0241,0.0993,0.1936,0.0485,0.0091,0.0285,0.062,12.9745,2.9942,7.725,21.105,0.0,0.0,0.0,0.0,0.0,0.0,0.0,0.0,0.3256,0.0943,0.1538,0.5452,12.6758,3.6705,5.99,21.224,0.2017,0.0356,0.1252,0.2602
iccad4,HSCAD498,FN,HS,NHS,gradcam,10,5018,5018,5120,30,10,0.0413,0,50,0.2678,0.2244,0.0407,5.093,0.0,0.0,0.0585,7.573,0.2002,0.1607,0.054,0.0641,0.2635,0.1783,0.062,0.0693,0.2744,0.0426,0.0151,0.0162,0.0664,13.3018,5.5467,5.279,25.902,0.0,0.0,0.0,0.0,0.0,0.0,0.0,0.0,0.0907,0.0727,0.0,0.2862,11.517,9.2283,0.0,36.328,0.1612,0.0505,0.0699,0.2328
iccad4,HSCAD498,FN,HS,NHS,gradcam_plus,10,5018,5018,5120,30,10,0.0413,0,50,0.2678,0.2244,0.0407,5.093,0.0,0.0,0.0585,7.573,0.2002,0.1607,0.054,0.0641,0.2635,0.1783,0.062,0.0693,0.2744,0.0426,0.0151,0.0162,0.0664,13.3018,5.5467,5.279,25.902,0.0,0.0,0.0,0.0,0.0,0.0,0.0,0.0,0.0907,0.0727,0.0,0.2862,11.517,9.2283,0.0,36.328,0.1612,0.0505,0.0699,0.2328
iccad4,HSCAD498,FN,HS,NHS,layercam,10,5018,5018,5120,30,10,0.0413,0,50,0.29,0.3043,0.0686,4.093,0.0,0.0,0.2015,26.106,0.2726,0.1607,0.054,0.0641,0.2635,0.1783,0.062,0.0693,0.2744,0.0426,0.0151,0.0162,0.0664,13.3018,5.5467,5.279,25.902,0.0,0.0,0.0,0.0,0.0,0.0,0.0,0.0,0.0907,0.0727,0.0,0.2862,11.517,9.2283,0.0,36.328,0.1612,0.0505,0.0699,0.2328
iccad4,HSCAD498,FN,HS,NHS,occlusion,10,5018,5018,5120,30,10,0.0413,0,50,0.2477,0.2573,0.0624,5.854,0.0,0.0,0.0769,9.964,0.2118,0.1607,0.054,0.0641,0.2635,0.1783,0.062,0.0693,0.2744,0.0426,0.0151,0.0162,0.0664,13.3018,5.5467,5.279,25.902,0.0,0.0,0.0,0.0,0.0,0.0,0.0,0.0,0.0907,0.0727,0.0,0.2862,11.517,9.2283,0.0,36.328,0.1612,0.0505,0.0699,0.2328
iccad4,HSCAD498,FN,HS,NHS,gradcam,20,10035,10035,10240,30,10,0.0413,0,50,0.1734,0.182,0.0445,9.945,0.0,0.0,0.1538,9.965,0.1482,0.1541,0.0393,0.0592,0.282,0.1702,0.0434,0.0687,0.327,0.0398,0.0104,0.0161,0.0766,13.2251,3.4721,5.539,22.498,0.0,0.0,0.0,0.0,0.0,0.0,0.0,0.0,0.1978,0.0927,0.0415,0.3892,12.5554,5.886,2.637,24.707,0.1542,0.0362,0.077,0.2897
iccad4,HSCAD498,FN,HS,NHS,gradcam_plus,20,10035,10035,10240,30,10,0.0413,0,50,0.1734,0.182,0.0445,9.945,0.0,0.0,0.1538,9.965,0.1482,0.1541,0.0393,0.0592,0.282,0.1702,0.0434,0.0687,0.327,0.0398,0.0104,0.0161,0.0766,13.2251,3.4721,5.539,22.498,0.0,0.0,0.0,0.0,0.0,0.0,0.0,0.0,0.1978,0.0927,0.0415,0.3892,12.5554,5.886,2.637,24.707,0.1542,0.0362,0.077,0.2897
iccad4,HSCAD498,FN,HS,NHS,layercam,20,10035,10035,10240,30,10,0.0413,0,50,0.2715,0.2852,0.0667,4.381,0.0,0.0,0.5,32.387,0.2575,0.1541,0.0393,0.0592,0.282,0.1702,0.0434,0.0687,0.327,0.0398,0.0104,0.0161,0.0766,13.2251,3.4721,5.539,22.498,0.0,0.0,0.0,0.0,0.0,0.0,0.0,0.0,0.1978,0.0927,0.0415,0.3892,12.5554,5.886,2.637,24.707,0.1542,0.0362,0.077,0.2897
iccad4,HSCAD498,FN,HS,NHS,occlusion,20,10035,10035,10240,30,10,0.0413,0,50,0.1909,0.2195,0.0502,6.926,0.0,0.0,0.1123,7.275,0.1991,0.1541,0.0393,0.0592,0.282,0.1702,0.0434,0.0687,0.327,0.0398,0.0104,0.0161,0.0766,13.2251,3.4721,5.539,22.498,0.0,0.0,0.0,0.0,0.0,0.0,0.0,0.0,0.1978,0.0927,0.0415,0.3892,12.5554,5.886,2.637,24.707,0.1542,0.0362,0.077,0.2897
iccad4,HSCAD498,FN,HS,NHS,gradcam,30,15053,15053,15360,30,10,0.0413,0,50,0.1156,0.1213,0.0297,14.287,0.0,0.0,0.1538,6.643,0.1172,0.155,0.027,0.087,0.2133,0.172,0.0288,0.1193,0.2426,0.0405,0.0073,0.0258,0.0579,13.0095,2.5872,8.433,17.746,0.0,0.0,0.0,0.0,0.0,0.0,0.0,0.0,0.298,0.0779,0.2031,0.5708,12.6107,3.2983,8.594,24.154,0.1563,0.0236,0.1017,0.213
iccad4,HSCAD498,FN,HS,NHS,gradcam_plus,30,15053,15053,15360,30,10,0.0413,0,50,0.1156,0.1213,0.0297,14.287,0.0,0.0,0.1538,6.643,0.1172,0.155,0.027,0.087,0.2133,0.172,0.0288,0.1193,0.2426,0.0405,0.0073,0.0258,0.0579,13.0095,2.5872,8.433,17.746,0.0,0.0,0.0,0.0,0.0,0.0,0.0,0.0,0.298,0.0779,0.2031,0.5708,12.6107,3.2983,8.594,24.154,0.1563,0.0236,0.1017,0.213
iccad4,HSCAD498,FN,HS,NHS,layercam,30,15053,15053,15360,30,10,0.0413,0,50,0.2569,0.2753,0.0653,4.703,0.0,0.0,0.6892,29.762,0.2481,0.155,0.027,0.087,0.2133,0.172,0.0288,0.1193,0.2426,0.0405,0.0073,0.0258,0.0579,13.0095,2.5872,8.433,17.746,0.0,0.0,0.0,0.0,0.0,0.0,0.0,0.0,0.298,0.0779,0.2031,0.5708,12.6107,3.2983,8.594,24.154,0.1563,0.0236,0.1017,0.213
iccad4,HSCAD498,FN,HS,NHS,occlusion,30,15053,15053,15360,30,10,0.0413,0,50,0.1908,0.217,0.0502,7.162,0.0,0.0,0.1692,7.308,0.2018,0.155,0.027,0.087,0.2133,0.172,0.0288,0.1193,0.2426,0.0405,0.0073,0.0258,0.0579,13.0095,2.5872,8.433,17.746,0.0,0.0,0.0,0.0,0.0,0.0,0.0,0.0,0.298,0.0779,0.2031,0.5708,12.6107,3.2983,8.594,24.154,0.1563,0.0236,0.1017,0.213
iccad4,HSCAD444,FN,HS,NHS,gradcam,10,5018,5018,5120,30,10,0.0344,0,42,0.4089,0.2985,0.0771,2.973,0.0,0.0,0.119,12.953,0.3048,0.2619,0.0425,0.1645,0.3375,0.2052,0.0237,0.1602,0.2545,0.0668,0.0085,0.0494,0.084,5.1698,1.048,3.567,7.948,0.0,0.0,0.0,0.0,0.0,0.0,0.0,0.0,0.0876,0.0678,0.0,0.3168,9.3424,7.229,0.0,33.789,0.2638,0.0332,0.1926,0.3319
iccad4,HSCAD444,FN,HS,NHS,gradcam_plus,10,5018,5018,5120,30,10,0.0344,0,42,0.4089,0.2985,0.0771,2.973,0.0,0.0,0.119,12.953,0.3048,0.2619,0.0425,0.1645,0.3375,0.2052,0.0237,0.1602,0.2545,0.0668,0.0085,0.0494,0.084,5.1698,1.048,3.567,7.948,0.0,0.0,0.0,0.0,0.0,0.0,0.0,0.0,0.0876,0.0678,0.0,0.3168,9.3424,7.229,0.0,33.789,0.2638,0.0332,0.1926,0.3319
iccad4,HSCAD444,FN,HS,NHS,layercam,10,5018,5018,5120,30,10,0.0344,0,42,0.278,0.2668,0.0674,3.344,0.0,0.0,0.1923,20.925,0.3217,0.2619,0.0425,0.1645,0.3375,0.2052,0.0237,0.1602,0.2545,0.0668,0.0085,0.0494,0.084,5.1698,1.048,3.567,7.948,0.0,0.0,0.0,0.0,0.0,0.0,0.0,0.0,0.0876,0.0678,0.0,0.3168,9.3424,7.229,0.0,33.789,0.2638,0.0332,0.1926,0.3319
iccad4,HSCAD444,FN,HS,NHS,occlusion,10,5018,5018,5120,30,10,0.0344,0,42,0.3523,0.2748,0.0869,3.852,0.0,0.0,0.1154,12.555,0.2929,0.2619,0.0425,0.1645,0.3375,0.2052,0.0237,0.1602,0.2545,0.0668,0.0085,0.0494,0.084,5.1698,1.048,3.567,7.948,0.0,0.0,0.0,0.0,0.0,0.0,0.0,0.0,0.0876,0.0678,0.0,0.3168,9.3424,7.229,0.0,33.789,0.2638,0.0332,0.1926,0.3319
iccad4,HSCAD444,FN,HS,NHS,gradcam,20,10035,10035,10240,30,10,0.0344,0,42,0.399,0.2644,0.0976,3.264,0.0,0.0,0.2491,13.553,0.2942,0.2498,0.0364,0.1867,0.317,0.1983,0.0227,0.1571,0.2434,0.0639,0.008,0.0495,0.0797,5.4033,0.7627,4.146,6.935,0.0,0.0,0.0,0.0,0.0,0.0,0.0,0.0,0.2219,0.0751,0.0476,0.3333,11.8295,4.0044,2.539,17.773,0.252,0.0327,0.1916,0.3238
iccad4,HSCAD444,FN,HS,NHS,gradcam_plus,20,10035,10035,10240,30,10,0.0344,0,42,0.399,0.2644,0.0976,3.264,0.0,0.0,0.2491,13.553,0.2942,0.2498,0.0364,0.1867,0.317,0.1983,0.0227,0.1571,0.2434,0.0639,0.008,0.0495,0.0797,5.4033,0.7627,4.146,6.935,0.0,0.0,0.0,0.0,0.0,0.0,0.0,0.0,0.2219,0.0751,0.0476,0.3333,11.8295,4.0044,2.539,17.773,0.252,0.0327,0.1916,0.3238
iccad4,HSCAD444,FN,HS,NHS,layercam,20,10035,10035,10240,30,10,0.0344,0,42,0.2743,0.2574,0.0713,3.598,0.0,0.0,0.3901,21.226,0.31,0.2498,0.0364,0.1867,0.317,0.1983,0.0227,0.1571,0.2434,0.0639,0.008,0.0495,0.0797,5.4033,0.7627,4.146,6.935,0.0,0.0,0.0,0.0,0.0,0.0,0.0,0.0,0.2219,0.0751,0.0476,0.3333,11.8295,4.0044,2.539,17.773,0.252,0.0327,0.1916,0.3238
iccad4,HSCAD444,FN,HS,NHS,occlusion,20,10035,10035,10240,30,10,0.0344,0,42,0.2619,0.2345,0.0699,5.483,0.0,0.0,0.1886,10.264,0.2464,0.2498,0.0364,0.1867,0.317,0.1983,0.0227,0.1571,0.2434,0.0639,0.008,0.0495,0.0797,5.4033,0.7627,4.146,6.935,0.0,0.0,0.0,0.0,0.0,0.0,0.0,0.0,0.2219,0.0751,0.0476,0.3333,11.8295,4.0044,2.539,17.773,0.252,0.0327,0.1916,0.3238
iccad4,HSCAD444,FN,HS,NHS,gradcam,30,15053,15053,15360,30,10,0.0344,0,42,0.3488,0.2368,0.0929,3.802,0.0,0.0,0.4176,15.146,0.2744,0.2623,0.0257,0.2151,0.3451,0.2039,0.0143,0.1718,0.2306,0.0662,0.0054,0.0542,0.0761,5.1833,0.5257,3.874,6.122,0.0,0.0,0.0,0.0,0.0,0.0,0.0,0.0,0.2802,0.1176,0.0641,0.5293,9.9609,4.1789,2.279,18.815,0.2597,0.0213,0.212,0.3125
iccad4,HSCAD444,FN,HS,NHS,gradcam_plus,30,15053,15053,15360,30,10,0.0344,0,42,0.3488,0.2368,0.0929,3.802,0.0,0.0,0.4176,15.146,0.2744,0.2623,0.0257,0.2151,0.3451,0.2039,0.0143,0.1718,0.2306,0.0662,0.0054,0.0542,0.0761,5.1833,0.5257,3.874,6.122,0.0,0.0,0.0,0.0,0.0,0.0,0.0,0.0,0.2802,0.1176,0.0641,0.5293,9.9609,4.1789,2.279,18.815,0.2597,0.0213,0.212,0.3125
iccad4,HSCAD444,FN,HS,NHS,layercam,30,15053,15053,15360,30,10,0.0344,0,42,0.2772,0.2462,0.0738,3.77,0.0,0.0,0.6044,21.923,0.3009,0.2623,0.0257,0.2151,0.3451,0.2039,0.0143,0.1718,0.2306,0.0662,0.0054,0.0542,0.0761,5.1833,0.5257,3.874,6.122,0.0,0.0,0.0,0.0,0.0,0.0,0.0,0.0,0.2802,0.1176,0.0641,0.5293,9.9609,4.1789,2.279,18.815,0.2597,0.0213,0.212,0.3125
iccad4,HSCAD444,FN,HS,NHS,occlusion,30,15053,15053,15360,30,10,0.0344,0,42,0.2551,0.2348,0.0745,5.34,0.0,0.0,0.2985,10.828,0.2469,0.2623,0.0257,0.2151,0.3451,0.2039,0.0143,0.1718,0.2306,0.0662,0.0054,0.0542,0.0761,5.1833,0.5257,3.874,6.122,0.0,0.0,0.0,0.0,0.0,0.0,0.0,0.0,0.2802,0.1176,0.0641,0.5293,9.9609,4.1789,2.279,18.815,0.2597,0.0213,0.212,0.3125
iccad4,HSCAD488,FN,HS,NHS,gradcam,10,5018,5018,5120,30,8,0.0701,0,40,0.2748,0.3876,0.0763,2.696,0.0,0.0,0.1192,12.356,0.4199,0.244,0.0729,0.1158,0.3967,0.1607,0.0328,0.1025,0.2227,0.0525,0.0149,0.025,0.0816,7.2324,1.7403,4.628,10.893,0.0,0.0,0.0,0.0,0.0,0.0,0.0,0.0,0.0875,0.0574,0.0,0.2231,8.8867,5.8297,0.0,22.656,0.2433,0.0592,0.1216,0.3513
iccad4,HSCAD488,FN,HS,NHS,gradcam_plus,10,5018,5018,5120,30,8,0.0701,0,40,0.2748,0.3876,0.0763,2.696,0.0,0.0,0.1192,12.356,0.4199,0.244,0.0729,0.1158,0.3967,0.1607,0.0328,0.1025,0.2227,0.0525,0.0149,0.025,0.0816,7.2324,1.7403,4.628,10.893,0.0,0.0,0.0,0.0,0.0,0.0,0.0,0.0,0.0875,0.0574,0.0,0.2231,8.8867,5.8297,0.0,22.656,0.2433,0.0592,0.1216,0.3513
iccad4,HSCAD488,FN,HS,NHS,layercam,10,5018,5018,5120,30,8,0.0701,0,40,0.2977,0.1985,0.0628,4.431,0.0,0.0,0.2462,25.508,0.2951,0.244,0.0729,0.1158,0.3967,0.1607,0.0328,0.1025,0.2227,0.0525,0.0149,0.025,0.0816,7.2324,1.7403,4.628,10.893,0.0,0.0,0.0,0.0,0.0,0.0,0.0,0.0,0.0875,0.0574,0.0,0.2231,8.8867,5.8297,0.0,22.656,0.2433,0.0592,0.1216,0.3513
iccad4,HSCAD488,FN,HS,NHS,occlusion,10,5018,5018,5120,30,8,0.0701,0,40,0.5261,0.153,0.0574,4.906,0.0,0.0,0.0,0.0,0.4723,0.244,0.0729,0.1158,0.3967,0.1607,0.0328,0.1025,0.2227,0.0525,0.0149,0.025,0.0816,7.2324,1.7403,4.628,10.893,0.0,0.0,0.0,0.0,0.0,0.0,0.0,0.0,0.0875,0.0574,0.0,0.2231,8.8867,5.8297,0.0,22.656,0.2433,0.0592,0.1216,0.3513
iccad4,HSCAD488,FN,HS,NHS,gradcam,20,10035,10035,10240,30,8,0.0701,0,40,0.2389,0.2523,0.0651,5.039,0.0,0.0,0.1904,9.865,0.3291,0.2421,0.0417,0.1617,0.3215,0.1573,0.0195,0.1079,0.1937,0.0503,0.0081,0.0336,0.0678,7.1694,0.9486,5.82,9.195,0.0,0.0,0.0,0.0,0.0,0.0,0.0,0.0,0.2041,0.0974,0.075,0.5269,10.3645,4.945,3.809,26.758,0.2454,0.0357,0.1931,0.3118
iccad4,HSCAD488,FN,HS,NHS,gradcam_plus,20,10035,10035,10240,30,8,0.0701,0,40,0.2389,0.2523,0.0651,5.039,0.0,0.0,0.1904,9.865,0.3291,0.2421,0.0417,0.1617,0.3215,0.1573,0.0195,0.1079,0.1937,0.0503,0.0081,0.0336,0.0678,7.1694,0.9486,5.82,9.195,0.0,0.0,0.0,0.0,0.0,0.0,0.0,0.0,0.2041,0.0974,0.075,0.5269,10.3645,4.945,3.809,26.758,0.2454,0.0357,0.1931,0.3118
iccad4,HSCAD488,FN,HS,NHS,layercam,20,10035,10035,10240,30,8,0.0701,0,40,0.2564,0.1864,0.0608,4.886,0.0,0.0,0.4385,22.72,0.2704,0.2421,0.0417,0.1617,0.3215,0.1573,0.0195,0.1079,0.1937,0.0503,0.0081,0.0336,0.0678,7.1694,0.9486,5.82,9.195,0.0,0.0,0.0,0.0,0.0,0.0,0.0,0.0,0.2041,0.0974,0.075,0.5269,10.3645,4.945,3.809,26.758,0.2454,0.0357,0.1931,0.3118
iccad4,HSCAD488,FN,HS,NHS,occlusion,20,10035,10035,10240,30,8,0.0701,0,40,0.424,0.1578,0.0599,5.482,0.0,0.0,0.0231,1.196,0.4041,0.2421,0.0417,0.1617,0.3215,0.1573,0.0195,0.1079,0.1937,0.0503,0.0081,0.0336,0.0678,7.1694,0.9486,5.82,9.195,0.0,0.0,0.0,0.0,0.0,0.0,0.0,0.0,0.2041,0.0974,0.075,0.5269,10.3645,4.945,3.809,26.758,0.2454,0.0357,0.1931,0.3118
iccad4,HSCAD488,FN,HS,NHS,gradcam,30,15053,15053,15360,30,8,0.0701,0,40,0.2832,0.2439,0.0719,4.502,0.0,0.0,0.2654,9.168,0.2953,0.2484,0.0293,0.2026,0.3229,0.155,0.0191,0.1202,0.1887,0.05,0.0072,0.0387,0.0636,7.1744,0.8052,5.196,8.793,0.0,0.0,0.0,0.0,0.0,0.0,0.0,0.0,0.295,0.0795,0.15,0.4423,9.987,2.6921,5.078,14.974,0.2504,0.0259,0.1969,0.3078
iccad4,HSCAD488,FN,HS,NHS,gradcam_plus,30,15053,15053,15360,30,8,0.0701,0,40,0.2832,0.2439,0.0719,4.502,0.0,0.0,0.2654,9.168,0.2953,0.2484,0.0293,0.2026,0.3229,0.155,0.0191,0.1202,0.1887,0.05,0.0072,0.0387,0.0636,7.1744,0.8052,5.196,8.793,0.0,0.0,0.0,0.0,0.0,0.0,0.0,0.0,0.295,0.0795,0.15,0.4423,9.987,2.6921,5.078,14.974,0.2504,0.0259,0.1969,0.3078
iccad4,HSCAD488,FN,HS,NHS,layercam,30,15053,15053,15360,30,8,0.0701,0,40,0.2385,0.1839,0.0589,5.048,0.0,0.0,0.5942,20.527,0.261,0.2484,0.0293,0.2026,0.3229,0.155,0.0191,0.1202,0.1887,0.05,0.0072,0.0387,0.0636,7.1744,0.8052,5.196,8.793,0.0,0.0,0.0,0.0,0.0,0.0,0.0,0.0,0.295,0.0795,0.15,0.4423,9.987,2.6921,5.078,14.974,0.2504,0.0259,0.1969,0.3078
iccad4,HSCAD488,FN,HS,NHS,occlusion,30,15053,15053,15360,30,8,0.0701,0,40,0.3811,0.1553,0.0597,5.926,0.0,0.0,0.1327,4.584,0.3531,0.2484,0.0293,0.2026,0.3229,0.155,0.0191,0.1202,0.1887,0.05,0.0072,0.0387,0.0636,7.1744,0.8052,5.196,8.793,0.0,0.0,0.0,0.0,0.0,0.0,0.0,0.0,0.295,0.0795,0.15,0.4423,9.987,2.6921,5.078,14.974,0.2504,0.0259,0.1969,0.3078
iccad5,HSCAD50,TP,HS,HS,gradcam,10,5018,5018,5120,30,10,0.0425,3,46,0.2848,0.2541,0.0735,4.172,0.4762,1.993,0.107,12.754,0.3137,0.2199,0.0533,0.102,0.325,0.184,0.0305,0.1254,0.25,0.059,0.0104,0.0398,0.0824,6.1155,1.0432,4.338,8.46,0.1,0.3,0.0,1.0,0.4102,1.2306,0.0,4.102,0.1136,0.0629,0.0,0.2191,13.2681,7.3411,0.0,25.586,0.2158,0.0461,0.1326,0.3102
iccad5,HSCAD50,TP,HS,HS,gradcam_plus,10,5018,5018,5120,30,10,0.0425,3,46,0.2848,0.2541,0.0735,4.172,0.4762,1.993,0.107,12.754,0.3137,0.2199,0.0533,0.102,0.325,0.184,0.0305,0.1254,0.25,0.059,0.0104,0.0398,0.0824,6.1155,1.0432,4.338,8.46,0.1,0.3,0.0,1.0,0.4102,1.2306,0.0,4.102,0.1136,0.0629,0.0,0.2191,13.2681,7.3411,0.0,25.586,0.2158,0.0461,0.1326,0.3102
iccad5,HSCAD50,TP,HS,HS,layercam,10,5018,5018,5120,30,10,0.0425,3,46,0.2848,0.2541,0.0735,4.172,0.4762,1.993,0.107,12.754,0.3137,0.2199,0.0533,0.102,0.325,0.184,0.0305,0.1254,0.25,0.059,0.0104,0.0398,0.0824,6.1155,1.0432,4.338,8.46,0.1,0.3,0.0,1.0,0.4102,1.2306,0.0,4.102,0.1136,0.0629,0.0,0.2191,13.2681,7.3411,0.0,25.586,0.2158,0.0461,0.1326,0.3102
iccad5,HSCAD50,TP,HS,HS,occlusion,10,5018,5018,5120,30,10,0.0425,3,46,0.2848,0.2541,0.0735,4.172,0.4762,1.993,0.107,12.754,0.3137,0.2199,0.0533,0.102,0.325,0.184,0.0305,0.1254,0.25,0.059,0.0104,0.0398,0.0824,6.1155,1.0432,4.338,8.46,0.1,0.3,0.0,1.0,0.4102,1.2306,0.0,4.102,0.1136,0.0629,0.0,0.2191,13.2681,7.3411,0.0,25.586,0.2158,0.0461,0.1326,0.3102
iccad5,HSCAD50,TP,HS,HS,gradcam,20,10035,10035,10240,30,10,0.0425,3,46,0.2853,0.228,0.0758,4.745,1.0,2.093,0.2224,13.254,0.2876,0.2373,0.0463,0.1474,0.3389,0.1899,0.0257,0.1439,0.2436,0.0616,0.0088,0.0468,0.0797,6.016,0.8852,4.369,7.629,0.2667,0.4422,0.0,1.0,0.5469,0.907,0.0,2.051,0.2027,0.0787,0.0217,0.4181,11.8358,4.5944,1.27,24.414,0.2374,0.0365,0.1613,0.3067
iccad5,HSCAD50,TP,HS,HS,gradcam_plus,20,10035,10035,10240,30,10,0.0425,3,46,0.2853,0.228,0.0758,4.745,1.0,2.093,0.2224,13.254,0.2876,0.2373,0.0463,0.1474,0.3389,0.1899,0.0257,0.1439,0.2436,0.0616,0.0088,0.0468,0.0797,6.016,0.8852,4.369,7.629,0.2667,0.4422,0.0,1.0,0.5469,0.907,0.0,2.051,0.2027,0.0787,0.0217,0.4181,11.8358,4.5944,1.27,24.414,0.2374,0.0365,0.1613,0.3067
iccad5,HSCAD50,TP,HS,HS,layercam,20,10035,10035,10240,30,10,0.0425,3,46,0.2853,0.228,0.0758,4.745,1.0,2.093,0.2224,13.254,0.2876,0.2373,0.0463,0.1474,0.3389,0.1899,0.0257,0.1439,0.2436,0.0616,0.0088,0.0468,0.0797,6.016,0.8852,4.369,7.629,0.2667,0.4422,0.0,1.0,0.5469,0.907,0.0,2.051,0.2027,0.0787,0.0217,0.4181,11.8358,4.5944,1.27,24.414,0.2374,0.0365,0.1613,0.3067
iccad5,HSCAD50,TP,HS,HS,occlusion,20,10035,10035,10240,30,10,0.0425,3,46,0.2853,0.228,0.0758,4.745,1.0,2.093,0.2224,13.254,0.2876,0.2373,0.0463,0.1474,0.3389,0.1899,0.0257,0.1439,0.2436,0.0616,0.0088,0.0468,0.0797,6.016,0.8852,4.369,7.629,0.2667,0.4422,0.0,1.0,0.5469,0.907,0.0,2.051,0.2027,0.0787,0.0217,0.4181,11.8358,4.5944,1.27,24.414,0.2374,0.0365,0.1613,0.3067
iccad5,HSCAD50,TP,HS,HS,gradcam,30,15053,15053,15360,30,10,0.0425,3,46,0.2762,0.2273,0.0724,4.665,1.0,1.395,0.5418,21.524,0.2663,0.2286,0.0273,0.1646,0.2742,0.1858,0.0159,0.1566,0.2115,0.0599,0.0059,0.049,0.0691,6.0821,0.6007,5.104,7.306,0.2333,0.423,0.0,1.0,0.319,0.5782,0.0,1.367,0.314,0.0869,0.1104,0.4632,12.2244,3.3843,4.297,18.034,0.2287,0.0243,0.1604,0.2688
iccad5,HSCAD50,TP,HS,HS,gradcam_plus,30,15053,15053,15360,30,10,0.0425,3,46,0.2762,0.2273,0.0724,4.665,1.0,1.395,0.5418,21.524,0.2663,0.2286,0.0273,0.1646,0.2742,0.1858,0.0159,0.1566,0.2115,0.0599,0.0059,0.049,0.0691,6.0821,0.6007,5.104,7.306,0.2333,0.423,0.0,1.0,0.319,0.5782,0.0,1.367,0.314,0.0869,0.1104,0.4632,12.2244,3.3843,4.297,18.034,0.2287,0.0243,0.1604,0.2688
iccad5,HSCAD50,TP,HS,HS,layercam,30,15053,15053,15360,30,10,0.0425,3,46,0.2762,0.2273,0.0724,4.665,1.0,1.395,0.5418,21.524,0.2663,0.2286,0.0273,0.1646,0.2742,0.1858,0.0159,0.1566,0.2115,0.0599,0.0059,0.049,0.0691,6.0821,0.6007,5.104,7.306,0.2333,0.423,0.0,1.0,0.319,0.5782,0.0,1.367,0.314,0.0869,0.1104,0.4632,12.2244,3.3843,4.297,18.034,0.2287,0.0243,0.1604,0.2688
iccad5,HSCAD50,TP,HS,HS,occlusion,30,15053,15053,15360,30,10,0.0425,3,46,0.2762,0.2273,0.0724,4.665,1.0,1.395,0.5418,21.524,0.2663,0.2286,0.0273,0.1646,0.2742,0.1858,0.0159,0.1566,0.2115,0.0599,0.0059,0.049,0.0691,6.0821,0.6007,5.104,7.306,0.2333,0.423,0.0,1.0,0.319,0.5782,0.0,1.367,0.314,0.0869,0.1104,0.4632,12.2244,3.3843,4.297,18.034,0.2287,0.0243,0.1604,0.2688
iccad5,HSCAD51,TP,HS,HS,gradcam,10,5018,5018,5120,30,14,0.0344,4,66,0.3462,0.2395,0.0801,3.826,0.625,2.989,0.1166,19.928,0.3202,0.2713,0.0684,0.1711,0.4336,0.2111,0.0416,0.1404,0.3047,0.0675,0.0149,0.0469,0.1016,5.8516,1.5943,2.721,8.581,0.1667,0.3727,0.0,1.0,0.7813,1.7471,0.0,4.688,0.1223,0.0417,0.0315,0.2028,20.4882,6.9904,5.273,33.984,0.2692,0.0555,0.155,0.3846
iccad5,HSCAD51,TP,HS,HS,gradcam_plus,10,5018,5018,5120,30,14,0.0344,4,66,0.3462,0.2395,0.0801,3.826,0.625,2.989,0.1166,19.928,0.3202,0.2713,0.0684,0.1711,0.4336,0.2111,0.0416,0.1404,0.3047,0.0675,0.0149,0.0469,0.1016,5.8516,1.5943,2.721,8.581,0.1667,0.3727,0.0,1.0,0.7813,1.7471,0.0,4.688,0.1223,0.0417,0.0315,0.2028,20.4882,6.9904,5.273,33.984,0.2692,0.0555,0.155,0.3846
iccad5,HSCAD51,TP,HS,HS,layercam,10,5018,5018,5120,30,14,0.0344,4,66,0.3462,0.2395,0.0801,3.826,0.625,2.989,0.1166,19.928,0.3202,0.2713,0.0684,0.1711,0.4336,0.2111,0.0416,0.1404,0.3047,0.0675,0.0149,0.0469,0.1016,5.8516,1.5943,2.721,8.581,0.1667,0.3727,0.0,1.0,0.7813,1.7471,0.0,4.688,0.1223,0.0417,0.0315,0.2028,20.4882,6.9904,5.273,33.984,0.2692,0.0555,0.155,0.3846
iccad5,HSCAD51,TP,HS,HS,occlusion,10,5018,5018,5120,30,14,0.0344,4,66,0.3462,0.2395,0.0801,3.826,0.625,2.989,0.1166,19.928,0.3202,0.2713,0.0684,0.1711,0.4336,0.2111,0.0416,0.1404,0.3047,0.0675,0.0149,0.0469,0.1016,5.8516,1.5943,2.721,8.581,0.1667,0.3727,0.0,1.0,0.7813,1.7471,0.0,4.688,0.1223,0.0417,0.0315,0.2028,20.4882,6.9904,5.273,33.984,0.2692,0.0555,0.155,0.3846
iccad5,HSCAD51,TP,HS,HS,gradcam,20,10035,10035,10240,30,14,0.0344,4,66,0.3286,0.2399,0.0796,4.235,0.625,1.495,0.2786,23.817,0.3115,0.2804,0.0445,0.1855,0.3619,0.2118,0.0221,0.177,0.2622,0.0686,0.0099,0.0474,0.0863,5.9022,1.0381,3.834,8.445,0.1667,0.3727,0.0,1.0,0.3907,0.8736,0.0,2.344,0.1941,0.0799,0.0653,0.3636,16.263,6.6936,5.469,30.469,0.2768,0.0308,0.2126,0.3398
iccad5,HSCAD51,TP,HS,HS,gradcam_plus,20,10035,10035,10240,30,14,0.0344,4,66,0.3286,0.2399,0.0796,4.235,0.625,1.495,0.2786,23.817,0.3115,0.2804,0.0445,0.1855,0.3619,0.2118,0.0221,0.177,0.2622,0.0686,0.0099,0.0474,0.0863,5.9022,1.0381,3.834,8.445,0.1667,0.3727,0.0,1.0,0.3907,0.8736,0.0,2.344,0.1941,0.0799,0.0653,0.3636,16.263,6.6936,5.469,30.469,0.2768,0.0308,0.2126,0.3398
iccad5,HSCAD51,TP,HS,HS,layercam,20,10035,10035,10240,30,14,0.0344,4,66,0.3286,0.2399,0.0796,4.235,0.625,1.495,0.2786,23.817,0.3115,0.2804,0.0445,0.1855,0.3619,0.2118,0.0221,0.177,0.2622,0.0686,0.0099,0.0474,0.0863,5.9022,1.0381,3.834,8.445,0.1667,0.3727,0.0,1.0,0.3907,0.8736,0.0,2.344,0.1941,0.0799,0.0653,0.3636,16.263,6.6936,5.469,30.469,0.2768,0.0308,0.2126,0.3398
iccad5,HSCAD51,TP,HS,HS,occlusion,20,10035,10035,10240,30,14,0.0344,4,66,0.3286,0.2399,0.0796,4.235,0.625,1.495,0.2786,23.817,0.3115,0.2804,0.0445,0.1855,0.3619,0.2118,0.0221,0.177,0.2622,0.0686,0.0099,0.0474,0.0863,5.9022,1.0381,3.834,8.445,0.1667,0.3727,0.0,1.0,0.3907,0.8736,0.0,2.344,0.1941,0.0799,0.0653,0.3636,16.263,6.6936,5.469,30.469,0.2768,0.0308,0.2126,0.3398
iccad5,HSCAD51,TP,HS,HS,gradcam,30,15053,15053,15360,30,14,0.0344,4,66,0.2979,0.2297,0.0747,4.662,0.625,0.996,0.4907,27.968,0.2851,0.2708,0.0319,0.2069,0.3475,0.2081,0.0173,0.1751,0.2447,0.0666,0.007,0.0533,0.0831,5.8471,0.8305,4.295,7.518,0.4,0.4899,0.0,1.0,0.6248,0.7652,0.0,1.562,0.3136,0.0579,0.1725,0.4359,17.5173,3.2364,9.635,24.349,0.2714,0.0237,0.2254,0.3186
iccad5,HSCAD51,TP,HS,HS,gradcam_plus,30,15053,15053,15360,30,14,0.0344,4,66,0.2979,0.2297,0.0747,4.662,0.625,0.996,0.4907,27.968,0.2851,0.2708,0.0319,0.2069,0.3475,0.2081,0.0173,0.1751,0.2447,0.0666,0.007,0.0533,0.0831,5.8471,0.8305,4.295,7.518,0.4,0.4899,0.0,1.0,0.6248,0.7652,0.0,1.562,0.3136,0.0579,0.1725,0.4359,17.5173,3.2364,9.635,24.349,0.2714,0.0237,0.2254,0.3186
iccad5,HSCAD51,TP,HS,HS,layercam,30,15053,15053,15360,30,14,0.0344,4,66,0.2979,0.2297,0.0747,4.662,0.625,0.996,0.4907,27.968,0.2851,0.2708,0.0319,0.2069,0.3475,0.2081,0.0173,0.1751,0.2447,0.0666,0.007,0.0533,0.0831,5.8471,0.8305,4.295,7.518,0.4,0.4899,0.0,1.0,0.6248,0.7652,0.0,1.562,0.3136,0.0579,0.1725,0.4359,17.5173,3.2364,9.635,24.349,0.2714,0.0237,0.2254,0.3186
iccad5,HSCAD51,TP,HS,HS,occlusion,30,15053,15053,15360,30,14,0.0344,4,66,0.2979,0.2297,0.0747,4.662,0.625,0.996,0.4907,27.968,0.2851,0.2708,0.0319,0.2069,0.3475,0.2081,0.0173,0.1751,0.2447,0.0666,0.007,0.0533,0.0831,5.8471,0.8305,4.295,7.518,0.4,0.4899,0.0,1.0,0.6248,0.7652,0.0,1.562,0.3136,0.0579,0.1725,0.4359,17.5173,3.2364,9.635,24.349,0.2714,0.0237,0.2254,0.3186
iccad5,HSCAD510,TP,HS,HS,gradcam,10,5018,5018,5120,30,9,0.0405,0,61,0.2995,0.1811,0.065,8.654,0.0,0.0,0.087,13.75,0.2837,0.226,0.0642,0.0652,0.3346,0.1667,0.0429,0.0588,0.249,0.0548,0.0142,0.0178,0.0779,10.9152,5.2014,4.481,22.299,0.0,0.0,0.0,0.0,0.0,0.0,0.0,0.0,0.1072,0.0506,0.0328,0.2257,16.6014,7.834,5.078,34.961,0.221,0.0573,0.0717,0.313
iccad5,HSCAD510,TP,HS,HS,gradcam_plus,10,5018,5018,5120,30,9,0.0405,0,61,0.2995,0.1811,0.065,8.654,0.0,0.0,0.087,13.75,0.2837,0.226,0.0642,0.0652,0.3346,0.1667,0.0429,0.0588,0.249,0.0548,0.0142,0.0178,0.0779,10.9152,5.2014,4.481,22.299,0.0,0.0,0.0,0.0,0.0,0.0,0.0,0.0,0.1072,0.0506,0.0328,0.2257,16.6014,7.834,5.078,34.961,0.221,0.0573,0.0717,0.313
iccad5,HSCAD510,TP,HS,HS,layercam,10,5018,5018,5120,30,9,0.0405,0,61,0.2995,0.1811,0.065,8.654,0.0,0.0,0.087,13.75,0.2837,0.226,0.0642,0.0652,0.3346,0.1667,0.0429,0.0588,0.249,0.0548,0.0142,0.0178,0.0779,10.9152,5.2014,4.481,22.299,0.0,0.0,0.0,0.0,0.0,0.0,0.0,0.0,0.1072,0.0506,0.0328,0.2257,16.6014,7.834,5.078,34.961,0.221,0.0573,0.0717,0.313
iccad5,HSCAD510,TP,HS,HS,occlusion,10,5018,5018,5120,30,9,0.0405,0,61,0.2995,0.1811,0.065,8.654,0.0,0.0,0.087,13.75,0.2837,0.226,0.0642,0.0652,0.3346,0.1667,0.0429,0.0588,0.249,0.0548,0.0142,0.0178,0.0779,10.9152,5.2014,4.481,22.299,0.0,0.0,0.0,0.0,0.0,0.0,0.0,0.0,0.1072,0.0506,0.0328,0.2257,16.6014,7.834,5.078,34.961,0.221,0.0573,0.0717,0.313
iccad5,HSCAD510,TP,HS,HS,gradcam,20,10035,10035,10240,30,9,0.0405,0,61,0.2979,0.222,0.08,8.054,0.0,0.0,0.2522,19.93,0.3033,0.2254,0.0569,0.1143,0.3559,0.1737,0.0394,0.0969,0.2667,0.0555,0.0134,0.0277,0.0873,10.2947,3.7456,3.616,21.23,0.0,0.0,0.0,0.0,0.0,0.0,0.0,0.0,0.2105,0.0615,0.1274,0.3607,16.2988,4.7619,9.863,27.93,0.2283,0.0477,0.1324,0.3517
iccad5,HSCAD510,TP,HS,HS,gradcam_plus,20,10035,10035,10240,30,9,0.0405,0,61,0.2979,0.222,0.08,8.054,0.0,0.0,0.2522,19.93,0.3033,0.2254,0.0569,0.1143,0.3559,0.1737,0.0394,0.0969,0.2667,0.0555,0.0134,0.0277,0.0873,10.2947,3.7456,3.616,21.23,0.0,0.0,0.0,0.0,0.0,0.0,0.0,0.0,0.2105,0.0615,0.1274,0.3607,16.2988,4.7619,9.863,27.93,0.2283,0.0477,0.1324,0.3517
iccad5,HSCAD510,TP,HS,HS,layercam,20,10035,10035,10240,30,9,0.0405,0,61,0.2979,0.222,0.08,8.054,0.0,0.0,0.2522,19.93,0.3033,0.2254,0.0569,0.1143,0.3559,0.1737,0.0394,0.0969,0.2667,0.0555,0.0134,0.0277,0.0873,10.2947,3.7456,3.616,21.23,0.0,0.0,0.0,0.0,0.0,0.0,0.0,0.0,0.2105,0.0615,0.1274,0.3607,16.2988,4.7619,9.863,27.93,0.2283,0.0477,0.1324,0.3517
iccad5,HSCAD510,TP,HS,HS,occlusion,20,10035,10035,10240,30,9,0.0405,0,61,0.2979,0.222,0.08,8.054,0.0,0.0,0.2522,19.93,0.3033,0.2254,0.0569,0.1143,0.3559,0.1737,0.0394,0.0969,0.2667,0.0555,0.0134,0.0277,0.0873,10.2947,3.7456,3.616,21.23,0.0,0.0,0.0,0.0,0.0,0.0,0.0,0.0,0.2105,0.0615,0.1274,0.3607,16.2988,4.7619,9.863,27.93,0.2283,0.0477,0.1324,0.3517
iccad5,HSCAD510,TP,HS,HS,gradcam,30,15053,15053,15360,30,9,0.0405,0,61,0.2993,0.2101,0.0709,8.175,0.0,0.0,0.4855,25.576,0.2821,0.2247,0.0268,0.1636,0.2666,0.1679,0.0202,0.1202,0.2001,0.0546,0.0066,0.0393,0.0648,10.5552,2.0925,7.346,16.474,0.0,0.0,0.0,0.0,0.0,0.0,0.0,0.0,0.2995,0.0735,0.1438,0.454,15.46,3.7933,7.422,23.438,0.2225,0.0243,0.1705,0.2658
iccad5,HSCAD510,TP,HS,HS,gradcam_plus,30,15053,15053,15360,30,9,0.0405,0,61,0.2993,0.2101,0.0709,8.175,0.0,0.0,0.4855,25.576,0.2821,0.2247,0.0268,0.1636,0.2666,0.1679,0.0202,0.1202,0.2001,0.0546,0.0066,0.0393,0.0648,10.5552,2.0925,7.346,16.474,0.0,0.0,0.0,0.0,0.0,0.0,0.0,0.0,0.2995,0.0735,0.1438,0.454,15.46,3.7933,7.422,23.438,0.2225,0.0243,0.1705,0.2658
iccad5,HSCAD510,TP,HS,HS,layercam,30,15053,15053,15360,30,9,0.0405,0,61,0.2993,0.2101,0.0709,8.175,0.0,0.0,0.4855,25.576,0.2821,0.2247,0.0268,0.1636,0.2666,0.1679,0.0202,0.1202,0.2001,0.0546,0.0066,0.0393,0.0648,10.5552,2.0925,7.346,16.474,0.0,0.0,0.0,0.0,0.0,0.0,0.0,0.0,0.2995,0.0735,0.1438,0.454,15.46,3.7933,7.422,23.438,0.2225,0.0243,0.1705,0.2658
iccad5,HSCAD510,TP,HS,HS,occlusion,30,15053,15053,15360,30,9,0.0405,0,61,0.2993,0.2101,0.0709,8.175,0.0,0.0,0.4855,25.576,0.2821,0.2247,0.0268,0.1636,0.2666,0.1679,0.0202,0.1202,0.2001,0.0546,0.0066,0.0393,0.0648,10.5552,2.0925,7.346,16.474,0.0,0.0,0.0,0.0,0.0,0.0,0.0,0.0,0.2995,0.0735,0.1438,0.454,15.46,3.7933,7.422,23.438,0.2225,0.0243,0.1705,0.2658
iccad5,NHSCAD510_1,TN,NHS,NHS,gradcam,10,5018,5018,5120,30,7,0.0403,4,31,0.2415,0.2156,0.0538,6.465,0.0,0.0,0.0,0.0,0.2379,0.1791,0.0562,0.0777,0.3004,0.1883,0.0491,0.074,0.2635,0.0464,0.0144,0.0137,0.0709,9.4235,3.2191,4.655,15.136,0.1458,0.1741,0.0,0.375,0.6837,0.816,0.0,1.758,0.0913,0.0621,0.0,0.2233,7.1874,4.8905,0.0,17.578,0.1743,0.0434,0.0946,0.2759
iccad5,NHSCAD510_1,TN,NHS,NHS,gradcam_plus,10,5018,5018,5120,30,7,0.0403,4,31,0.2415,0.2156,0.0538,6.465,0.0,0.0,0.0,0.0,0.2379,0.1791,0.0562,0.0777,0.3004,0.1883,0.0491,0.074,0.2635,0.0464,0.0144,0.0137,0.0709,9.4235,3.2191,4.655,15.136,0.1458,0.1741,0.0,0.375,0.6837,0.816,0.0,1.758,0.0913,0.0621,0.0,0.2233,7.1874,4.8905,0.0,17.578,0.1743,0.0434,0.0946,0.2759
iccad5,NHSCAD510_1,TN,NHS,NHS,layercam,10,5018,5018,5120,30,7,0.0403,4,31,0.2316,0.4071,0.0821,3.433,0.0417,0.199,0.2283,18.334,0.255,0.1791,0.0562,0.0777,0.3004,0.1883,0.0491,0.074,0.2635,0.0464,0.0144,0.0137,0.0709,9.4235,3.2191,4.655,15.136,0.1458,0.1741,0.0,0.375,0.6837,0.816,0.0,1.758,0.0913,0.0621,0.0,0.2233,7.1874,4.8905,0.0,17.578,0.1743,0.0434,0.0946,0.2759
iccad5,NHSCAD510_1,TN,NHS,NHS,occlusion,10,5018,5018,5120,30,7,0.0403,4,31,0.3521,0.2658,0.067,4.314,0.0,0.0,0.134,10.761,0.2863,0.1791,0.0562,0.0777,0.3004,0.1883,0.0491,0.074,0.2635,0.0464,0.0144,0.0137,0.0709,9.4235,3.2191,4.655,15.136,0.1458,0.1741,0.0,0.375,0.6837,0.816,0.0,1.758,0.0913,0.0621,0.0,0.2233,7.1874,4.8905,0.0,17.578,0.1743,0.0434,0.0946,0.2759
iccad5,NHSCAD510_1,TN,NHS,NHS,gradcam,20,10035,10035,10240,30,7,0.0403,4,31,0.2156,0.2052,0.0507,7.076,0.0,0.0,0.0447,1.794,0.2149,0.169,0.0252,0.1121,0.2354,0.1756,0.0226,0.1319,0.2208,0.0416,0.0064,0.0277,0.0533,9.4333,1.1389,6.546,11.507,0.25,0.2372,0.0,0.875,0.586,0.5559,0.0,2.051,0.2064,0.0832,0.0645,0.4243,8.1218,3.2747,2.539,16.699,0.1722,0.0212,0.1358,0.2317
iccad5,NHSCAD510_1,TN,NHS,NHS,gradcam_plus,20,10035,10035,10240,30,7,0.0403,4,31,0.2156,0.2052,0.0507,7.076,0.0,0.0,0.0447,1.794,0.2149,0.169,0.0252,0.1121,0.2354,0.1756,0.0226,0.1319,0.2208,0.0416,0.0064,0.0277,0.0533,9.4333,1.1389,6.546,11.507,0.25,0.2372,0.0,0.875,0.586,0.5559,0.0,2.051,0.2064,0.0832,0.0645,0.4243,8.1218,3.2747,2.539,16.699,0.1722,0.0212,0.1358,0.2317
iccad5,NHSCAD510_1,TN,NHS,NHS,layercam,20,10035,10035,10240,30,7,0.0403,4,31,0.2257,0.3169,0.0718,4.704,0.5417,1.295,0.3921,15.745,0.2328,0.169,0.0252,0.1121,0.2354,0.1756,0.0226,0.1319,0.2208,0.0416,0.0064,0.0277,0.0533,9.4333,1.1389,6.546,11.507,0.25,0.2372,0.0,0.875,0.586,0.5559,0.0,2.051,0.2064,0.0832,0.0645,0.4243,8.1218,3.2747,2.539,16.699,0.1722,0.0212,0.1358,0.2317
iccad5,NHSCAD510_1,TN,NHS,NHS,occlusion,20,10035,10035,10240,30,7,0.0403,4,31,0.2723,0.2221,0.0577,6.492,0.375,0.897,0.3002,12.058,0.2379,0.169,0.0252,0.1121,0.2354,0.1756,0.0226,0.1319,0.2208,0.0416,0.0064,0.0277,0.0533,9.4333,1.1389,6.546,11.507,0.25,0.2372,0.0,0.875,0.586,0.5559,0.0,2.051,0.2064,0.0832,0.0645,0.4243,8.1218,3.2747,2.539,16.699,0.1722,0.0212,0.1358,0.2317
iccad5,NHSCAD510_1,TN,NHS,NHS,gradcam,30,15053,15053,15360,30,7,0.0403,4,31,0.2039,0.2133,0.0523,6.933,0.0,0.0,0.4789,12.821,0.1995,0.1731,0.0238,0.123,0.2148,0.184,0.0178,0.1421,0.2245,0.0439,0.0053,0.0297,0.0553,8.7288,1.0418,6.813,10.709,0.325,0.2512,0.0,0.875,0.5079,0.3927,0.0,1.367,0.2605,0.0911,0.0422,0.4342,6.8338,2.3903,1.107,11.393,0.1772,0.0197,0.1418,0.2207
iccad5,NHSCAD510_1,TN,NHS,NHS,gradcam_plus,30,15053,15053,15360,30,7,0.0403,4,31,0.2039,0.2133,0.0523,6.933,0.0,0.0,0.4789,12.821,0.1995,0.1731,0.0238,0.123,0.2148,0.184,0.0178,0.1421,0.2245,0.0439,0.0053,0.0297,0.0553,8.7288,1.0418,6.813,10.709,0.325,0.2512,0.0,0.875,0.5079,0.3927,0.0,1.367,0.2605,0.0911,0.0422,0.4342,6.8338,2.3903,1.107,11.393,0.1772,0.0197,0.1418,0.2207
iccad5,NHSCAD510_1,TN,NHS,NHS,layercam,30,15053,15053,15360,30,7,0.0403,4,31,0.2152,0.2738,0.062,5.633,0.8333,1.329,0.5782,15.479,0.2186,0.1731,0.0238,0.123,0.2148,0.184,0.0178,0.1421,0.2245,0.0439,0.0053,0.0297,0.0553,8.7288,1.0418,6.813,10.709,0.325,0.2512,0.0,0.875,0.5079,0.3927,0.0,1.367,0.2605,0.0911,0.0422,0.4342,6.8338,2.3903,1.107,11.393,0.1772,0.0197,0.1418,0.2207
iccad5,NHSCAD510_1,TN,NHS,NHS,occlusion,30,15053,15053,15360,30,7,0.0403,4,31,0.253,0.2202,0.057,6.714,0.625,0.996,0.3747,10.031,0.2274,0.1731,0.0238,0.123,0.2148,0.184,0.0178,0.1421,0.2245,0.0439,0.0053,0.0297,0.0553,8.7288,1.0418,6.813,10.709,0.325,0.2512,0.0,0.875,0.5079,0.3927,0.0,1.367,0.2605,0.0911,0.0422,0.4342,6.8338,2.3903,1.107,11.393,0.1772,0.0197,0.1418,0.2207
iccad5,NHSCAD51000,TN,NHS,NHS,gradcam,10,5018,5018,5120,30,2,0.0344,0,8,0.0825,0.2005,0.0183,58.903,0.0,0.0,0.0,0.0,0.0821,0.0571,0.0374,0.0,0.1688,0.1696,0.0834,0.0,0.3994,0.0131,0.0085,0.0,0.0375,62.4839,20.1938,21.811,100.853,0.0,0.0,0.0,0.0,0.0,0.0,0.0,0.0,0.0917,0.1644,0.0,0.5,1.8619,3.3385,0.0,10.156,0.0602,0.031,0.0,0.1401
iccad5,NHSCAD51000,TN,NHS,NHS,gradcam_plus,10,5018,5018,5120,30,2,0.0344,0,8,0.0825,0.2005,0.0183,58.903,0.0,0.0,0.0,0.0,0.0821,0.0571,0.0374,0.0,0.1688,0.1696,0.0834,0.0,0.3994,0.0131,0.0085,0.0,0.0375,62.4839,20.1938,21.811,100.853,0.0,0.0,0.0,0.0,0.0,0.0,0.0,0.0,0.0917,0.1644,0.0,0.5,1.8619,3.3385,0.0,10.156,0.0602,0.031,0.0,0.1401
iccad5,NHSCAD51000,TN,NHS,NHS,layercam,10,5018,5018,5120,30,2,0.0344,0,8,0.1804,0.5678,0.0399,26.87,0.0,0.0,0.3654,7.573,0.1929,0.0571,0.0374,0.0,0.1688,0.1696,0.0834,0.0,0.3994,0.0131,0.0085,0.0,0.0375,62.4839,20.1938,21.811,100.853,0.0,0.0,0.0,0.0,0.0,0.0,0.0,0.0,0.0917,0.1644,0.0,0.5,1.8619,3.3385,0.0,10.156,0.0602,0.031,0.0,0.1401
iccad5,NHSCAD51000,TN,NHS,NHS,occlusion,10,5018,5018,5120,30,2,0.0344,0,8,0.2654,0.5139,0.0592,5.951,0.0,0.0,0.0481,0.996,0.2189,0.0571,0.0374,0.0,0.1688,0.1696,0.0834,0.0,0.3994,0.0131,0.0085,0.0,0.0375,62.4839,20.1938,21.811,100.853,0.0,0.0,0.0,0.0,0.0,0.0,0.0,0.0,0.0917,0.1644,0.0,0.5,1.8619,3.3385,0.0,10.156,0.0602,0.031,0.0,0.1401
iccad5,NHSCAD51000,TN,NHS,NHS,gradcam,20,10035,10035,10240,30,2,0.0344,0,8,0.0807,0.1975,0.0179,59.337,0.0,0.0,0.0,0.0,0.0808,0.0632,0.0271,0.0,0.1404,0.1837,0.0622,0.075,0.3572,0.0147,0.0062,0.0,0.0324,59.7051,15.9769,21.677,90.03,0.0,0.0,0.0,0.0,0.0,0.0,0.0,0.0,0.2583,0.1988,0.0,0.5,2.6236,2.0188,0.0,5.078,0.0641,0.0224,0.0299,0.1308
iccad5,NHSCAD51000,TN,NHS,NHS,gradcam_plus,20,10035,10035,10240,30,2,0.0344,0,8,0.0807,0.1975,0.0179,59.337,0.0,0.0,0.0,0.0,0.0808,0.0632,0.0271,0.0,0.1404,0.1837,0.0622,0.075,0.3572,0.0147,0.0062,0.0,0.0324,59.7051,15.9769,21.677,90.03,0.0,0.0,0.0,0.0,0.0,0.0,0.0,0.0,0.2583,0.1988,0.0,0.5,2.6236,2.0188,0.0,5.078,0.0641,0.0224,0.0299,0.1308
iccad5,NHSCAD51000,TN,NHS,NHS,layercam,20,10035,10035,10240,30,2,0.0344,0,8,0.1613,0.4705,0.0326,36.956,0.0,0.0,0.5962,6.178,0.1635,0.0632,0.0271,0.0,0.1404,0.1837,0.0622,0.075,0.3572,0.0147,0.0062,0.0,0.0324,59.7051,15.9769,21.677,90.03,0.0,0.0,0.0,0.0,0.0,0.0,0.0,0.0,0.2583,0.1988,0.0,0.5,2.6236,2.0188,0.0,5.078,0.0641,0.0224,0.0299,0.1308
iccad5,NHSCAD51000,TN,NHS,NHS,occlusion,20,10035,10035,10240,30,2,0.0344,0,8,0.2024,0.5492,0.0461,6.658,0.0,0.0,0.4519,4.684,0.2057,0.0632,0.0271,0.0,0.1404,0.1837,0.0622,0.075,0.3572,0.0147,0.0062,0.0,0.0324,59.7051,15.9769,21.677,90.03,0.0,0.0,0.0,0.0,0.0,0.0,0.0,0.0,0.2583,0.1988,0.0,0.5,2.6236,2.0188,0.0,5.078,0.0641,0.0224,0.0299,0.1308
iccad5,NHSCAD51000,TN,NHS,NHS,gradcam,30,15053,15053,15360,30,2,0.0344,0,8,0.0785,0.1992,0.0182,59.531,0.0,0.0,0.5,3.454,0.0756,0.0706,0.0245,0.0186,0.1218,0.1889,0.0489,0.1213,0.2989,0.0161,0.0054,0.0049,0.0275,61.5633,10.4166,38.641,81.54,0.0,0.0,0.0,0.0,0.0,0.0,0.0,0.0,0.2667,0.2134,0.0,0.75,1.8056,1.445,0.0,5.078,0.0702,0.0208,0.0323,0.1172
iccad5,NHSCAD51000,TN,NHS,NHS,gradcam_plus,30,15053,15053,15360,30,2,0.0344,0,8,0.0785,0.1992,0.0182,59.531,0.0,0.0,0.5,3.454,0.0756,0.0706,0.0245,0.0186,0.1218,0.1889,0.0489,0.1213,0.2989,0.0161,0.0054,0.0049,0.0275,61.5633,10.4166,38.641,81.54,0.0,0.0,0.0,0.0,0.0,0.0,0.0,0.0,0.2667,0.2134,0.0,0.75,1.8056,1.445,0.0,5.078,0.0702,0.0208,0.0323,0.1172
iccad5,NHSCAD51000,TN,NHS,NHS,layercam,30,15053,15053,15360,30,2,0.0344,0,8,0.1451,0.4072,0.0288,43.217,0.0,0.0,0.8173,5.647,0.1431,0.0706,0.0245,0.0186,0.1218,0.1889,0.0489,0.1213,0.2989,0.0161,0.0054,0.0049,0.0275,61.5633,10.4166,38.641,81.54,0.0,0.0,0.0,0.0,0.0,0.0,0.0,0.0,0.2667,0.2134,0.0,0.75,1.8056,1.445,0.0,5.078,0.0702,0.0208,0.0323,0.1172
iccad5,NHSCAD51000,TN,NHS,NHS,occlusion,30,15053,15053,15360,30,2,0.0344,0,8,0.1624,0.4233,0.0373,24.722,0.0,0.0,0.6538,4.517,0.1597,0.0706,0.0245,0.0186,0.1218,0.1889,0.0489,0.1213,0.2989,0.0161,0.0054,0.0049,0.0275,61.5633,10.4166,38.641,81.54,0.0,0.0,0.0,0.0,0.0,0.0,0.0,0.0,0.2667,0.2134,0.0,0.75,1.8056,1.445,0.0,5.078,0.0702,0.0208,0.0323,0.1172
iccad5,NNHSCAD5999_9,TN,NHS,NHS,gradcam,10,5018,5018,5120,30,2,0.0344,0,8,0.0745,0.1965,0.0177,26.041,0.0,0.0,0.0,0.0,0.0753,0.0596,0.0449,0.0,0.1814,0.1767,0.083,0.0,0.3436,0.0145,0.0099,0.0,0.0449,27.5077,8.2157,10.482,45.428,0.0,0.0,0.0,0.0,0.0,0.0,0.0,0.0,0.0942,0.118,0.0,0.4615,1.9141,2.3982,0.0,9.375,0.0607,0.0312,0.0,0.137
iccad5,NNHSCAD5999_9,TN,NHS,NHS,gradcam_plus,10,5018,5018,5120,30,2,0.0344,0,8,0.0745,0.1965,0.0177,26.041,0.0,0.0,0.0,0.0,0.0753,0.0596,0.0449,0.0,0.1814,0.1767,0.083,0.0,0.3436,0.0145,0.0099,0.0,0.0449,27.5077,8.2157,10.482,45.428,0.0,0.0,0.0,0.0,0.0,0.0,0.0,0.0,0.0942,0.118,0.0,0.4615,1.9141,2.3982,0.0,9.375,0.0607,0.0312,0.0,0.137
iccad5,NNHSCAD5999_9,TN,NHS,NHS,layercam,10,5018,5018,5120,30,2,0.0344,0,8,0.2278,0.4769,0.055,9.44,0.0,0.0,0.6442,13.352,0.1583,0.0596,0.0449,0.0,0.1814,0.1767,0.083,0.0,0.3436,0.0145,0.0099,0.0,0.0449,27.5077,8.2157,10.482,45.428,0.0,0.0,0.0,0.0,0.0,0.0,0.0,0.0,0.0942,0.118,0.0,0.4615,1.9141,2.3982,0.0,9.375,0.0607,0.0312,0.0,0.137
iccad5,NNHSCAD5999_9,TN,NHS,NHS,occlusion,10,5018,5018,5120,30,2,0.0344,0,8,0.2356,0.5695,0.0566,5.961,0.0,0.0,0.4135,8.569,0.2153,0.0596,0.0449,0.0,0.1814,0.1767,0.083,0.0,0.3436,0.0145,0.0099,0.0,0.0449,27.5077,8.2157,10.482,45.428,0.0,0.0,0.0,0.0,0.0,0.0,0.0,0.0,0.0942,0.118,0.0,0.4615,1.9141,2.3982,0.0,9.375,0.0607,0.0312,0.0,0.137
iccad5,NNHSCAD5999_9,TN,NHS,NHS,gradcam,20,10035,10035,10240,30,2,0.0344,0,8,0.0754,0.1962,0.0178,25.998,0.0,0.0,0.0,0.0,0.0757,0.0639,0.0259,0.0063,0.1265,0.1899,0.055,0.0618,0.3001,0.0158,0.0052,0.0031,0.025,26.3737,5.3726,16.225,37.91,0.0,0.0,0.0,0.0,0.0,0.0,0.0,0.0,0.2026,0.1754,0.0,0.5769,2.0573,1.7814,0.0,5.859,0.065,0.0186,0.0223,0.1012
iccad5,NNHSCAD5999_9,TN,NHS,NHS,gradcam_plus,20,10035,10035,10240,30,2,0.0344,0,8,0.0754,0.1962,0.0178,25.998,0.0,0.0,0.0,0.0,0.0757,0.0639,0.0259,0.0063,0.1265,0.1899,0.055,0.0618,0.3001,0.0158,0.0052,0.0031,0.025,26.3737,5.3726,16.225,37.91,0.0,0.0,0.0,0.0,0.0,0.0,0.0,0.0,0.2026,0.1754,0.0,0.5769,2.0573,1.7814,0.0,5.859,0.065,0.0186,0.0223,0.1012
iccad5,NNHSCAD5999_9,TN,NHS,NHS,layercam,20,10035,10035,10240,30,2,0.0344,0,8,0.1774,0.3903,0.0429,13.242,0.0,0.0,0.7981,8.271,0.1314,0.0639,0.0259,0.0063,0.1265,0.1899,0.055,0.0618,0.3001,0.0158,0.0052,0.0031,0.025,26.3737,5.3726,16.225,37.91,0.0,0.0,0.0,0.0,0.0,0.0,0.0,0.0,0.2026,0.1754,0.0,0.5769,2.0573,1.7814,0.0,5.859,0.065,0.0186,0.0223,0.1012
iccad5,NNHSCAD5999_9,TN,NHS,NHS,occlusion,20,10035,10035,10240,30,2,0.0344,0,8,0.1705,0.4384,0.0401,9.337,0.0,0.0,0.6731,6.976,0.1573,0.0639,0.0259,0.0063,0.1265,0.1899,0.055,0.0618,0.3001,0.0158,0.0052,0.0031,0.025,26.3737,5.3726,16.225,37.91,0.0,0.0,0.0,0.0,0.0,0.0,0.0,0.0,0.2026,0.1754,0.0,0.5769,2.0573,1.7814,0.0,5.859,0.065,0.0186,0.0223,0.1012
iccad5,NNHSCAD5999_9,TN,NHS,NHS,gradcam,30,15053,15053,15360,30,2,0.0344,0,8,0.0736,0.1981,0.0181,25.948,0.0,0.0,0.5,3.454,0.0711,0.0663,0.0172,0.0281,0.1051,0.1922,0.0365,0.0917,0.2598,0.0162,0.0041,0.0066,0.0243,25.9506,3.5994,18.711,36.27,0.0,0.0,0.0,0.0,0.0,0.0,0.0,0.0,0.3532,0.1701,0.0,0.7692,2.3915,1.1517,0.0,5.208,0.0654,0.0128,0.0373,0.0871
iccad5,NNHSCAD5999_9,TN,NHS,NHS,gradcam_plus,30,15053,15053,15360,30,2,0.0344,0,8,0.0736,0.1981,0.0181,25.948,0.0,0.0,0.5,3.454,0.0711,0.0663,0.0172,0.0281,0.1051,0.1922,0.0365,0.0917,0.2598,0.0162,0.0041,0.0066,0.0243,25.9506,3.5994,18.711,36.27,0.0,0.0,0.0,0.0,0.0,0.0,0.0,0.0,0.3532,0.1701,0.0,0.7692,2.3915,1.1517,0.0,5.208,0.0654,0.0128,0.0373,0.0871
iccad5,NNHSCAD5999_9,TN,NHS,NHS,layercam,30,15053,15053,15360,30,2,0.0344,0,8,0.1521,0.3371,0.0367,15.569,0.0,0.0,0.8846,6.112,0.1157,0.0663,0.0172,0.0281,0.1051,0.1922,0.0365,0.0917,0.2598,0.0162,0.0041,0.0066,0.0243,25.9506,3.5994,18.711,36.27,0.0,0.0,0.0,0.0,0.0,0.0,0.0,0.0,0.3532,0.1701,0.0,0.7692,2.3915,1.1517,0.0,5.208,0.0654,0.0128,0.0373,0.0871
iccad5,NNHSCAD5999_9,TN,NHS,NHS,occlusion,30,15053,15053,15360,30,2,0.0344,0,8,0.1137,0.3414,0.0267,12.191,0.0,0.0,0.7788,5.381,0.115,0.0663,0.0172,0.0281,0.1051,0.1922,0.0365,0.0917,0.2598,0.0162,0.0041,0.0066,0.0243,25.9506,3.5994,18.711,36.27,0.0,0.0,0.0,0.0,0.0,0.0,0.0,0.0,0.3532,0.1701,0.0,0.7692,2.3915,1.1517,0.0,5.208,0.0654,0.0128,0.0373,0.0871
iccad5,NNHSCAD5994_4,FP,NHS,HS,gradcam,10,5018,5018,5120,30,9,0.0402,12,52,0.6098,0.3157,0.1146,2.019,0.9583,13.75,0.3817,51.415,0.3554,0.1785,0.068,0.0547,0.3057,0.1704,0.0508,0.0773,0.2535,0.0404,0.0139,0.0148,0.0688,9.9602,3.9388,4.6,20.388,0.0671,0.1309,0.0,0.3472,0.944,1.8413,0.0,4.883,0.0896,0.0479,0.0015,0.1908,11.8294,6.3316,0.195,25.195,0.1866,0.0531,0.0776,0.2901
iccad5,NNHSCAD5994_4,FP,NHS,HS,gradcam_plus,10,5018,5018,5120,30,9,0.0402,12,52,0.2487,0.2049,0.0512,8.647,0.3194,4.583,0.0621,8.37,0.2327,0.1785,0.068,0.0547,0.3057,0.1704,0.0508,0.0773,0.2535,0.0404,0.0139,0.0148,0.0688,9.9602,3.9388,4.6,20.388,0.0671,0.1309,0.0,0.3472,0.944,1.8413,0.0,4.883,0.0896,0.0479,0.0015,0.1908,11.8294,6.3316,0.195,25.195,0.1866,0.0531,0.0776,0.2901
iccad5,NNHSCAD5994_4,FP,NHS,HS,layercam,10,5018,5018,5120,30,9,0.0402,12,52,0.2037,0.3378,0.0528,4.216,0.0556,0.797,0.1435,19.33,0.3362,0.1785,0.068,0.0547,0.3057,0.1704,0.0508,0.0773,0.2535,0.0404,0.0139,0.0148,0.0688,9.9602,3.9388,4.6,20.388,0.0671,0.1309,0.0,0.3472,0.944,1.8413,0.0,4.883,0.0896,0.0479,0.0015,0.1908,11.8294,6.3316,0.195,25.195,0.1866,0.0531,0.0776,0.2901
iccad5,NNHSCAD5994_4,FP,NHS,HS,occlusion,10,5018,5018,5120,30,9,0.0402,12,52,0.3073,0.2794,0.0751,4.46,0.3333,4.783,0.253,34.077,0.2706,0.1785,0.068,0.0547,0.3057,0.1704,0.0508,0.0773,0.2535,0.0404,0.0139,0.0148,0.0688,9.9602,3.9388,4.6,20.388,0.0671,0.1309,0.0,0.3472,0.944,1.8413,0.0,4.883,0.0896,0.0479,0.0015,0.1908,11.8294,6.3316,0.195,25.195,0.1866,0.0531,0.0776,0.2901
iccad5,NNHSCAD5994_4,FP,NHS,HS,gradcam,20,10035,10035,10240,30,9,0.0402,12,52,0.6209,0.286,0.1083,2.15,1.0,7.175,0.4911,33.084,0.3323,0.1799,0.0501,0.1057,0.2907,0.1733,0.0364,0.1083,0.2566,0.0414,0.0099,0.0245,0.0643,10.2626,2.4817,5.712,15.117,0.1903,0.2025,0.0,0.6667,1.338,1.4238,0.0,4.688,0.1802,0.0513,0.105,0.2825,11.8946,3.3872,6.934,18.652,0.1799,0.0409,0.1226,0.2736
iccad5,NNHSCAD5994_4,FP,NHS,HS,gradcam_plus,20,10035,10035,10240,30,9,0.0402,12,52,0.251,0.2076,0.0513,8.602,0.3194,2.292,0.0636,4.285,0.2382,0.1799,0.0501,0.1057,0.2907,0.1733,0.0364,0.1083,0.2566,0.0414,0.0099,0.0245,0.0643,10.2626,2.4817,5.712,15.117,0.1903,0.2025,0.0,0.6667,1.338,1.4238,0.0,4.688,0.1802,0.0513,0.105,0.2825,11.8946,3.3872,6.934,18.652,0.1799,0.0409,0.1226,0.2736
iccad5,NNHSCAD5994_4,FP,NHS,HS,layercam,20,10035,10035,10240,30,9,0.0402,12,52,0.2275,0.3042,0.0552,5.204,0.2083,1.495,0.2973,20.03,0.3007,0.1799,0.0501,0.1057,0.2907,0.1733,0.0364,0.1083,0.2566,0.0414,0.0099,0.0245,0.0643,10.2626,2.4817,5.712,15.117,0.1903,0.2025,0.0,0.6667,1.338,1.4238,0.0,4.688,0.1802,0.0513,0.105,0.2825,11.8946,3.3872,6.934,18.652,0.1799,0.0409,0.1226,0.2736
iccad5,NNHSCAD5994_4,FP,NHS,HS,occlusion,20,10035,10035,10240,30,9,0.0402,12,52,0.2813,0.2489,0.065,5.11,0.3333,2.392,0.426,28.7,0.2521,0.1799,0.0501,0.1057,0.2907,0.1733,0.0364,0.1083,0.2566,0.0414,0.0099,0.0245,0.0643,10.2626,2.4817,5.712,15.117,0.1903,0.2025,0.0,0.6667,1.338,1.4238,0.0,4.688,0.1802,0.0513,0.105,0.2825,11.8946,3.3872,6.934,18.652,0.1799,0.0409,0.1226,0.2736
iccad5,NNHSCAD5994_4,FP,NHS,HS,gradcam,30,15053,15053,15360,30,9,0.0402,12,52,0.552,0.3183,0.1034,2.274,1.0,4.783,0.608,27.304,0.3238,0.1908,0.0393,0.1034,0.2553,0.184,0.0298,0.1162,0.2317,0.0443,0.0082,0.0276,0.0581,9.6887,2.0468,6.499,15.064,0.3208,0.3234,0.0,1.0,1.5038,1.5157,0.0,4.688,0.2976,0.0922,0.0888,0.4837,13.099,4.0573,3.906,21.289,0.1887,0.0298,0.1089,0.2406
iccad5,NNHSCAD5994_4,FP,NHS,HS,gradcam_plus,30,15053,15053,15360,30,9,0.0402,12,52,0.2421,0.2121,0.0484,8.573,0.3194,1.528,0.1849,8.304,0.2261,0.1908,0.0393,0.1034,0.2553,0.184,0.0298,0.1162,0.2317,0.0443,0.0082,0.0276,0.0581,9.6887,2.0468,6.499,15.064,0.3208,0.3234,0.0,1.0,1.5038,1.5157,0.0,4.688,0.2976,0.0922,0.0888,0.4837,13.099,4.0573,3.906,21.289,0.1887,0.0298,0.1089,0.2406
iccad5,NNHSCAD5994_4,FP,NHS,HS,layercam,30,15053,15053,15360,30,9,0.0402,12,52,0.2269,0.2724,0.0534,6.29,0.3333,1.594,0.4778,21.458,0.2713,0.1908,0.0393,0.1034,0.2553,0.184,0.0298,0.1162,0.2317,0.0443,0.0082,0.0276,0.0581,9.6887,2.0468,6.499,15.064,0.3208,0.3234,0.0,1.0,1.5038,1.5157,0.0,4.688,0.2976,0.0922,0.0888,0.4837,13.099,4.0573,3.906,21.289,0.1887,0.0298,0.1089,0.2406
iccad5,NNHSCAD5994_4,FP,NHS,HS,occlusion,30,15053,15053,15360,30,9,0.0402,12,52,0.2183,0.208,0.0514,6.387,0.3333,1.594,0.5178,23.251,0.2123,0.1908,0.0393,0.1034,0.2553,0.184,0.0298,0.1162,0.2317,0.0443,0.0082,0.0276,0.0581,9.6887,2.0468,6.499,15.064,0.3208,0.3234,0.0,1.0,1.5038,1.5157,0.0,4.688,0.2976,0.0922,0.0888,0.4837,13.099,4.0573,3.906,21.289,0.1887,0.0298,0.1089,0.2406
iccad5,NHSCAD50_8,FP,NHS,HS,gradcam,10,5018,5018,5120,30,8,0.0354,3,36,0.2892,0.2154,0.0733,5.055,0.0,0.0,0.0385,3.587,0.2805,0.2025,0.0616,0.0529,0.3047,0.1634,0.0337,0.0842,0.2123,0.0533,0.0118,0.0262,0.0715,6.9143,1.4865,5.035,10.804,0.2,0.4,0.0,1.0,0.8204,1.6408,0.0,4.102,0.1031,0.0762,0.0278,0.4167,9.4205,6.965,2.539,38.086,0.2042,0.0475,0.0822,0.3039
iccad5,NHSCAD50_8,FP,NHS,HS,gradcam_plus,10,5018,5018,5120,30,8,0.0354,3,36,0.2892,0.2154,0.0733,5.055,0.0,0.0,0.0385,3.587,0.2805,0.2025,0.0616,0.0529,0.3047,0.1634,0.0337,0.0842,0.2123,0.0533,0.0118,0.0262,0.0715,6.9143,1.4865,5.035,10.804,0.2,0.4,0.0,1.0,0.8204,1.6408,0.0,4.102,0.1031,0.0762,0.0278,0.4167,9.4205,6.965,2.539,38.086,0.2042,0.0475,0.0822,0.3039
iccad5,NHSCAD50_8,FP,NHS,HS,layercam,10,5018,5018,5120,30,8,0.0354,3,36,0.2892,0.2154,0.0733,5.055,0.0,0.0,0.0385,3.587,0.2805,0.2025,0.0616,0.0529,0.3047,0.1634,0.0337,0.0842,0.2123,0.0533,0.0118,0.0262,0.0715,6.9143,1.4865,5.035,10.804,0.2,0.4,0.0,1.0,0.8204,1.6408,0.0,4.102,0.1031,0.0762,0.0278,0.4167,9.4205,6.965,2.539,38.086,0.2042,0.0475,0.0822,0.3039
iccad5,NHSCAD50_8,FP,NHS,HS,occlusion,10,5018,5018,5120,30,8,0.0354,3,36,0.2892,0.2154,0.0733,5.055,0.0,0.0,0.0385,3.587,0.2805,0.2025,0.0616,0.0529,0.3047,0.1634,0.0337,0.0842,0.2123,0.0533,0.0118,0.0262,0.0715,6.9143,1.4865,5.035,10.804,0.2,0.4,0.0,1.0,0.8204,1.6408,0.0,4.102,0.1031,0.0762,0.0278,0.4167,9.4205,6.965,2.539,38.086,0.2042,0.0475,0.0822,0.3039
iccad5,NHSCAD50_8,FP,NHS,HS,gradcam,20,10035,10035,10240,30,8,0.0354,3,36,0.2726,0.2055,0.0693,5.206,0.4286,0.897,0.0662,3.089,0.2706,0.2136,0.0345,0.1452,0.2774,0.1762,0.0218,0.1201,0.2095,0.0569,0.0076,0.0386,0.0688,6.4533,0.797,5.216,8.766,0.2,0.4,0.0,1.0,0.4102,0.8204,0.0,2.051,0.1877,0.0746,0.0278,0.3632,8.5808,3.4104,1.27,16.602,0.212,0.0257,0.1667,0.2636
iccad5,NHSCAD50_8,FP,NHS,HS,gradcam_plus,20,10035,10035,10240,30,8,0.0354,3,36,0.2726,0.2055,0.0693,5.206,0.4286,0.897,0.0662,3.089,0.2706,0.2136,0.0345,0.1452,0.2774,0.1762,0.0218,0.1201,0.2095,0.0569,0.0076,0.0386,0.0688,6.4533,0.797,5.216,8.766,0.2,0.4,0.0,1.0,0.4102,0.8204,0.0,2.051,0.1877,0.0746,0.0278,0.3632,8.5808,3.4104,1.27,16.602,0.212,0.0257,0.1667,0.2636
iccad5,NHSCAD50_8,FP,NHS,HS,layercam,20,10035,10035,10240,30,8,0.0354,3,36,0.2726,0.2055,0.0693,5.206,0.4286,0.897,0.0662,3.089,0.2706,0.2136,0.0345,0.1452,0.2774,0.1762,0.0218,0.1201,0.2095,0.0569,0.0076,0.0386,0.0688,6.4533,0.797,5.216,8.766,0.2,0.4,0.0,1.0,0.4102,0.8204,0.0,2.051,0.1877,0.0746,0.0278,0.3632,8.5808,3.4104,1.27,16.602,0.212,0.0257,0.1667,0.2636
iccad5,NHSCAD50_8,FP,NHS,HS,occlusion,20,10035,10035,10240,30,8,0.0354,3,36,0.2726,0.2055,0.0693,5.206,0.4286,0.897,0.0662,3.089,0.2706,0.2136,0.0345,0.1452,0.2774,0.1762,0.0218,0.1201,0.2095,0.0569,0.0076,0.0386,0.0688,6.4533,0.797,5.216,8.766,0.2,0.4,0.0,1.0,0.4102,0.8204,0.0,2.051,0.1877,0.0746,0.0278,0.3632,8.5808,3.4104,1.27,16.602,0.212,0.0257,0.1667,0.2636
iccad5,NHSCAD50_8,FP,NHS,HS,gradcam,30,15053,15053,15360,30,8,0.0354,3,36,0.2614,0.2119,0.0689,5.211,0.4286,0.598,0.5,15.545,0.2526,0.2199,0.0348,0.1559,0.2921,0.1761,0.0214,0.1316,0.2156,0.0572,0.0078,0.0404,0.0717,6.4387,0.7005,5.195,8.206,0.2667,0.4422,0.0,1.0,0.3645,0.6045,0.0,1.367,0.2929,0.089,0.1645,0.4573,8.9237,2.7121,5.013,13.932,0.2187,0.0266,0.1726,0.2683
iccad5,NHSCAD50_8,FP,NHS,HS,gradcam_plus,30,15053,15053,15360,30,8,0.0354,3,36,0.2614,0.2119,0.0689,5.211,0.4286,0.598,0.5,15.545,0.2526,0.2199,0.0348,0.1559,0.2921,0.1761,0.0214,0.1316,0.2156,0.0572,0.0078,0.0404,0.0717,6.4387,0.7005,5.195,8.206,0.2667,0.4422,0.0,1.0,0.3645,0.6045,0.0,1.367,0.2929,0.089,0.1645,0.4573,8.9237,2.7121,5.013,13.932,0.2187,0.0266,0.1726,0.2683
iccad5,NHSCAD50_8,FP,NHS,HS,layercam,30,15053,15053,15360,30,8,0.0354,3,36,0.2614,0.2119,0.0689,5.211,0.4286,0.598,0.5,15.545,0.2526,0.2199,0.0348,0.1559,0.2921,0.1761,0.0214,0.1316,0.2156,0.0572,0.0078,0.0404,0.0717,6.4387,0.7005,5.195,8.206,0.2667,0.4422,0.0,1.0,0.3645,0.6045,0.0,1.367,0.2929,0.089,0.1645,0.4573,8.9237,2.7121,5.013,13.932,0.2187,0.0266,0.1726,0.2683
iccad5,NHSCAD50_8,FP,NHS,HS,occlusion,30,15053,15053,15360,30,8,0.0354,3,36,0.2614,0.2119,0.0689,5.211,0.4286,0.598,0.5,15.545,0.2526,0.2199,0.0348,0.1559,0.2921,0.1761,0.0214,0.1316,0.2156,0.0572,0.0078,0.0404,0.0717,6.4387,0.7005,5.195,8.206,0.2667,0.4422,0.0,1.0,0.3645,0.6045,0.0,1.367,0.2929,0.089,0.1645,0.4573,8.9237,2.7121,5.013,13.932,0.2187,0.0266,0.1726,0.2683
iccad5,NHSCAD51_1,FP,NHS,HS,gradcam,10,5018,5018,5120,30,11,0.0358,0,49,0.3948,0.1708,0.0849,4.853,0.0,0.0,0.0141,1.794,0.3951,0.2994,0.0775,0.1404,0.4619,0.1391,0.0337,0.0822,0.2059,0.0683,0.0173,0.0348,0.1018,5.9272,2.0508,2.389,9.27,0.0,0.0,0.0,0.0,0.0,0.0,0.0,0.0,0.0984,0.0482,0.0,0.237,12.2395,5.9978,0.0,29.492,0.2997,0.0746,0.1553,0.4377
iccad5,NHSCAD51_1,FP,NHS,HS,gradcam_plus,10,5018,5018,5120,30,11,0.0358,0,49,0.3948,0.1708,0.0849,4.853,0.0,0.0,0.0141,1.794,0.3951,0.2994,0.0775,0.1404,0.4619,0.1391,0.0337,0.0822,0.2059,0.0683,0.0173,0.0348,0.1018,5.9272,2.0508,2.389,9.27,0.0,0.0,0.0,0.0,0.0,0.0,0.0,0.0,0.0984,0.0482,0.0,0.237,12.2395,5.9978,0.0,29.492,0.2997,0.0746,0.1553,0.4377
iccad5,NHSCAD51_1,FP,NHS,HS,layercam,10,5018,5018,5120,30,11,0.0358,0,49,0.3948,0.1708,0.0849,4.853,0.0,0.0,0.0141,1.794,0.3951,0.2994,0.0775,0.1404,0.4619,0.1391,0.0337,0.0822,0.2059,0.0683,0.0173,0.0348,0.1018,5.9272,2.0508,2.389,9.27,0.0,0.0,0.0,0.0,0.0,0.0,0.0,0.0,0.0984,0.0482,0.0,0.237,12.2395,5.9978,0.0,29.492,0.2997,0.0746,0.1553,0.4377
iccad5,NHSCAD51_1,FP,NHS,HS,occlusion,10,5018,5018,5120,30,11,0.0358,0,49,0.3948,0.1708,0.0849,4.853,0.0,0.0,0.0141,1.794,0.3951,0.2994,0.0775,0.1404,0.4619,0.1391,0.0337,0.0822,0.2059,0.0683,0.0173,0.0348,0.1018,5.9272,2.0508,2.389,9.27,0.0,0.0,0.0,0.0,0.0,0.0,0.0,0.0,0.0984,0.0482,0.0,0.237,12.2395,5.9978,0.0,29.492,0.2997,0.0746,0.1553,0.4377
iccad5,NHSCAD51_1,FP,NHS,HS,gradcam,20,10035,10035,10240,30,11,0.0358,0,49,0.3757,0.1674,0.0831,5.055,0.0,0.0,0.0612,3.886,0.3784,0.3313,0.0463,0.2537,0.4129,0.159,0.0223,0.1153,0.1994,0.0781,0.0113,0.059,0.1004,5.116,1.4262,2.926,7.953,0.0,0.0,0.0,0.0,0.0,0.0,0.0,0.0,0.2079,0.0756,0.1083,0.438,12.9329,4.7015,6.738,27.246,0.3286,0.0393,0.2554,0.4207
iccad5,NHSCAD51_1,FP,NHS,HS,gradcam_plus,20,10035,10035,10240,30,11,0.0358,0,49,0.3757,0.1674,0.0831,5.055,0.0,0.0,0.0612,3.886,0.3784,0.3313,0.0463,0.2537,0.4129,0.159,0.0223,0.1153,0.1994,0.0781,0.0113,0.059,0.1004,5.116,1.4262,2.926,7.953,0.0,0.0,0.0,0.0,0.0,0.0,0.0,0.0,0.2079,0.0756,0.1083,0.438,12.9329,4.7015,6.738,27.246,0.3286,0.0393,0.2554,0.4207
iccad5,NHSCAD51_1,FP,NHS,HS,layercam,20,10035,10035,10240,30,11,0.0358,0,49,0.3757,0.1674,0.0831,5.055,0.0,0.0,0.0612,3.886,0.3784,0.3313,0.0463,0.2537,0.4129,0.159,0.0223,0.1153,0.1994,0.0781,0.0113,0.059,0.1004,5.116,1.4262,2.926,7.953,0.0,0.0,0.0,0.0,0.0,0.0,0.0,0.0,0.2079,0.0756,0.1083,0.438,12.9329,4.7015,6.738,27.246,0.3286,0.0393,0.2554,0.4207
iccad5,NHSCAD51_1,FP,NHS,HS,occlusion,20,10035,10035,10240,30,11,0.0358,0,49,0.3757,0.1674,0.0831,5.055,0.0,0.0,0.0612,3.886,0.3784,0.3313,0.0463,0.2537,0.4129,0.159,0.0223,0.1153,0.1994,0.0781,0.0113,0.059,0.1004,5.116,1.4262,2.926,7.953,0.0,0.0,0.0,0.0,0.0,0.0,0.0,0.0,0.2079,0.0756,0.1083,0.438,12.9329,4.7015,6.738,27.246,0.3286,0.0393,0.2554,0.4207
iccad5,NHSCAD51_1,FP,NHS,HS,gradcam,30,15053,15053,15360,30,11,0.0358,0,49,0.3622,0.1734,0.0843,5.184,0.0,0.0,0.449,19.0,0.3516,0.3108,0.0442,0.1989,0.4059,0.147,0.0203,0.1027,0.1938,0.0722,0.0102,0.0484,0.0957,5.7259,1.0828,3.323,8.29,0.0,0.0,0.0,0.0,0.0,0.0,0.0,0.0,0.2983,0.0717,0.1491,0.5259,12.372,2.972,6.185,21.81,0.3094,0.0411,0.1988,0.3935
iccad5,NHSCAD51_1,FP,NHS,HS,gradcam_plus,30,15053,15053,15360,30,11,0.0358,0,49,0.3622,0.1734,0.0843,5.184,0.0,0.0,0.449,19.0,0.3516,0.3108,0.0442,0.1989,0.4059,0.147,0.0203,0.1027,0.1938,0.0722,0.0102,0.0484,0.0957,5.7259,1.0828,3.323,8.29,0.0,0.0,0.0,0.0,0.0,0.0,0.0,0.0,0.2983,0.0717,0.1491,0.5259,12.372,2.972,6.185,21.81,0.3094,0.0411,0.1988,0.3935
iccad5,NHSCAD51_1,FP,NHS,HS,layercam,30,15053,15053,15360,30,11,0.0358,0,49,0.3622,0.1734,0.0843,5.184,0.0,0.0,0.449,19.0,0.3516,0.3108,0.0442,0.1989,0.4059,0.147,0.0203,0.1027,0.1938,0.0722,0.0102,0.0484,0.0957,5.7259,1.0828,3.323,8.29,0.0,0.0,0.0,0.0,0.0,0.0,0.0,0.0,0.2983,0.0717,0.1491,0.5259,12.372,2.972,6.185,21.81,0.3094,0.0411,0.1988,0.3935
iccad5,NHSCAD51_1,FP,NHS,HS,occlusion,30,15053,15053,15360,30,11,0.0358,0,49,0.3622,0.1734,0.0843,5.184,0.0,0.0,0.449,19.0,0.3516,0.3108,0.0442,0.1989,0.4059,0.147,0.0203,0.1027,0.1938,0.0722,0.0102,0.0484,0.0957,5.7259,1.0828,3.323,8.29,0.0,0.0,0.0,0.0,0.0,0.0,0.0,0.0,0.2983,0.0717,0.1491,0.5259,12.372,2.972,6.185,21.81,0.3094,0.0411,0.1988,0.3935
iccad5,HSCAD516,FN,HS,NHS,gradcam,10,5018,5018,5120,30,6,0.0306,3,26,0.0588,0.1309,0.0163,21.746,0.0,0.0,0.0769,5.181,0.0577,0.0866,0.0488,0.0,0.2162,0.1728,0.0849,0.0008,0.3631,0.0223,0.0122,0.0,0.0543,19.3423,7.5575,7.524,37.916,0.0667,0.2494,0.0,1.0,0.2735,1.0232,0.0,4.102,0.0963,0.0766,0.0,0.2485,6.3606,5.0584,0.0,16.406,0.0888,0.0386,0.0064,0.1855
iccad5,HSCAD516,FN,HS,NHS,gradcam_plus,10,5018,5018,5120,30,6,0.0306,3,26,0.0588,0.1309,0.0163,21.746,0.0,0.0,0.0769,5.181,0.0577,0.0866,0.0488,0.0,0.2162,0.1728,0.0849,0.0008,0.3631,0.0223,0.0122,0.0,0.0543,19.3423,7.5575,7.524,37.916,0.0667,0.2494,0.0,1.0,0.2735,1.0232,0.0,4.102,0.0963,0.0766,0.0,0.2485,6.3606,5.0584,0.0,16.406,0.0888,0.0386,0.0064,0.1855
iccad5,HSCAD516,FN,HS,NHS,layercam,10,5018,5018,5120,30,6,0.0306,3,26,0.1564,0.4297,0.0494,8.017,0.0952,0.399,0.4675,31.487,0.1776,0.0866,0.0488,0.0,0.2162,0.1728,0.0849,0.0008,0.3631,0.0223,0.0122,0.0,0.0543,19.3423,7.5575,7.524,37.916,0.0667,0.2494,0.0,1.0,0.2735,1.0232,0.0,4.102,0.0963,0.0766,0.0,0.2485,6.3606,5.0584,0.0,16.406,0.0888,0.0386,0.0064,0.1855
iccad5,HSCAD516,FN,HS,NHS,occlusion,10,5018,5018,5120,30,6,0.0306,3,26,0.2296,0.2678,0.0574,8.307,0.0,0.0,0.0,0.0,0.1695,0.0866,0.0488,0.0,0.2162,0.1728,0.0849,0.0008,0.3631,0.0223,0.0122,0.0,0.0543,19.3423,7.5575,7.524,37.916,0.0667,0.2494,0.0,1.0,0.2735,1.0232,0.0,4.102,0.0963,0.0766,0.0,0.2485,6.3606,5.0584,0.0,16.406,0.0888,0.0386,0.0064,0.1855
iccad5,HSCAD516,FN,HS,NHS,gradcam,20,10035,10035,10240,30,6,0.0306,3,26,0.0727,0.1432,0.0191,19.246,0.0,0.0,0.216,7.275,0.0661,0.1012,0.0341,0.025,0.1529,0.1845,0.0473,0.0672,0.2913,0.0258,0.0083,0.0063,0.0392,18.9176,3.1849,12.656,26.948,0.2333,0.423,0.0,1.0,0.4786,0.8675,0.0,2.051,0.2045,0.0902,0.0,0.3462,6.7514,2.9777,0.0,11.426,0.0992,0.0266,0.0407,0.152
iccad5,HSCAD516,FN,HS,NHS,gradcam_plus,20,10035,10035,10240,30,6,0.0306,3,26,0.0727,0.1432,0.0191,19.246,0.0,0.0,0.216,7.275,0.0661,0.1012,0.0341,0.025,0.1529,0.1845,0.0473,0.0672,0.2913,0.0258,0.0083,0.0063,0.0392,18.9176,3.1849,12.656,26.948,0.2333,0.423,0.0,1.0,0.4786,0.8675,0.0,2.051,0.2045,0.0902,0.0,0.3462,6.7514,2.9777,0.0,11.426,0.0992,0.0266,0.0407,0.152
iccad5,HSCAD516,FN,HS,NHS,layercam,20,10035,10035,10240,30,6,0.0306,3,26,0.1345,0.3238,0.0419,12.297,0.3333,0.698,0.5769,19.432,0.1516,0.1012,0.0341,0.025,0.1529,0.1845,0.0473,0.0672,0.2913,0.0258,0.0083,0.0063,0.0392,18.9176,3.1849,12.656,26.948,0.2333,0.423,0.0,1.0,0.4786,0.8675,0.0,2.051,0.2045,0.0902,0.0,0.3462,6.7514,2.9777,0.0,11.426,0.0992,0.0266,0.0407,0.152
iccad5,HSCAD516,FN,HS,NHS,occlusion,20,10035,10035,10240,30,6,0.0306,3,26,0.1661,0.3,0.0419,8.208,1.0,2.093,0.2308,7.773,0.158,0.1012,0.0341,0.025,0.1529,0.1845,0.0473,0.0672,0.2913,0.0258,0.0083,0.0063,0.0392,18.9176,3.1849,12.656,26.948,0.2333,0.423,0.0,1.0,0.4786,0.8675,0.0,2.051,0.2045,0.0902,0.0,0.3462,6.7514,2.9777,0.0,11.426,0.0992,0.0266,0.0407,0.152
iccad5,HSCAD516,FN,HS,NHS,gradcam,30,15053,15053,15360,30,6,0.0306,3,26,0.0694,0.1392,0.0189,20.869,0.5238,0.731,0.429,9.633,0.0631,0.0934,0.0278,0.024,0.1536,0.1725,0.0445,0.0441,0.2836,0.0242,0.0069,0.0064,0.0382,19.0491,3.1306,13.171,26.46,0.1667,0.3727,0.0,1.0,0.2278,0.5095,0.0,1.367,0.3012,0.1016,0.0651,0.5148,6.6275,2.2349,1.432,11.328,0.0944,0.0223,0.0356,0.1411
iccad5,HSCAD516,FN,HS,NHS,gradcam_plus,30,15053,15053,15360,30,6,0.0306,3,26,0.0694,0.1392,0.0189,20.869,0.5238,0.731,0.429,9.633,0.0631,0.0934,0.0278,0.024,0.1536,0.1725,0.0445,0.0441,0.2836,0.0242,0.0069,0.0064,0.0382,19.0491,3.1306,13.171,26.46,0.1667,0.3727,0.0,1.0,0.2278,0.5095,0.0,1.367,0.3012,0.1016,0.0651,0.5148,6.6275,2.2349,1.432,11.328,0.0944,0.0223,0.0356,0.1411
iccad5,HSCAD516,FN,HS,NHS,layercam,30,15053,15053,15360,30,6,0.0306,3,26,0.1311,0.274,0.0386,14.463,0.4762,0.664,0.7071,15.877,0.1369,0.0934,0.0278,0.024,0.1536,0.1725,0.0445,0.0441,0.2836,0.0242,0.0069,0.0064,0.0382,19.0491,3.1306,13.171,26.46,0.1667,0.3727,0.0,1.0,0.2278,0.5095,0.0,1.367,0.3012,0.1016,0.0651,0.5148,6.6275,2.2349,1.432,11.328,0.0944,0.0223,0.0356,0.1411
iccad5,HSCAD516,FN,HS,NHS,occlusion,30,15053,15053,15360,30,6,0.0306,3,26,0.1567,0.2866,0.0399,8.877,1.0,1.395,0.3669,8.238,0.1508,0.0934,0.0278,0.024,0.1536,0.1725,0.0445,0.0441,0.2836,0.0242,0.0069,0.0064,0.0382,19.0491,3.1306,13.171,26.46,0.1667,0.3727,0.0,1.0,0.2278,0.5095,0.0,1.367,0.3012,0.1016,0.0651,0.5148,6.6275,2.2349,1.432,11.328,0.0944,0.0223,0.0356,0.1411
